{
    "root_group": {
        "name": "",
        "path": "",
        "id": "d41d8cd98f00b204e9800998ecf8427e",
        "groups": {},
        "checks": {
                "presign status 200": {
                    "name": "presign status 200",
                    "path": "::presign status 200",
                    "id": "9923e38b12e510f59f89c291ba178283",
                    "passes": 727,
                    "fails": 0
                },
                "upload status 200 or 204": {
                    "fails": 0,
                    "name": "upload status 200 or 204",
                    "path": "::upload status 200 or 204",
                    "id": "3ee532388740beaa2464e0e2331a1ed9",
                    "passes": 727
                },
                "create post status 200": {
                    "name": "create post status 200",
                    "path": "::create post status 200",
                    "id": "0bbe11d085fb78e4aed9072347469520",
                    "passes": 3,
                    "fails": 716
                }
            }
    },
    "metrics": {
        "iterations": {
            "count": 719,
            "rate": 3.994428141940486
        },
        "http_req_sending": {
            "min": 0.012881,
            "med": 0.066256,
            "max": 9.381045,
            "p(90)": 0.44748159999999987,
            "p(95)": 2.823525200000003,
            "avg": 0.37353352738150036
        },
        "checks": {
            "passes": 1457,
            "fails": 716,
            "value": 0.6705016106764842
        },
        "vus": {
            "value": 9,
            "min": 4,
            "max": 120
        },
        "create_post_success": {
            "passes": 3,
            "fails": 716,
            "value": 0.004172461752433936
        },
        "data_sent": {
            "count": 93894278,
            "rate": 521632.748832244
        },
        "data_received": {
            "count": 5396499,
            "rate": 29980.427640547554
        },
        "http_req_tls_handshaking": {
            "p(95)": 4.1191640000000005,
            "avg": 1.07113391026231,
            "min": 0,
            "med": 0,
            "max": 11.119744,
            "p(90)": 3.8795688
        },
        "http_req_failed": {
            "passes": 716,
            "fails": 1457,
            "value": 0.3294983893235159
        },
        "http_req_duration": {
            "p(90)": 19652.836653399998,
            "p(95)": 25878.9286092,
            "avg": 7467.8427450492445,
            "min": 7.273563,
            "med": 2690.165176,
            "max": 60001.210989
        },
        "http_req_blocked": {
            "p(95)": 5.9596392,
            "avg": 2.034599134376439,
            "min": 0.002834,
            "med": 1.565167,
            "max": 39.287785,
            "p(90)": 5.4492636
        },
        "presign_duration": {
            "max": 19221.488136,
            "p(90)": 9970.976980200001,
            "p(95)": 11729.976519599992,
            "avg": 4483.5003854828055,
            "min": 7.273563,
            "med": 3278.246554
        },
        "http_reqs": {
            "count": 2173,
            "rate": 12.072172951928618
        },
        "http_req_connecting": {
            "avg": 0.902703416014726,
            "min": 0,
            "med": 1.221382,
            "max": 36.066155,
            "p(90)": 1.587994,
            "p(95)": 1.7866554000000001
        },
        "http_req_duration{expected_response:true}": {
            "med": 72.891161,
            "max": 59742.495664,
            "p(90)": 8504.1454204,
            "p(95)": 10111.656215600002,
            "avg": 2379.4503436575123,
            "min": 7.273563
        },
        "vus_max": {
            "value": 120,
            "min": 40,
            "max": 120
        },
        "create_post_duration": {
            "avg": 17992.692902084837,
            "min": 1193.392228,
            "med": 15050.230854,
            "max": 60001.210989,
            "p(90)": 37475.8471862,
            "p(95)": 60000.251978
        },
        "http_req_waiting": {
            "med": 2643.226271,
            "max": 60001.184225,
            "p(90)": 19523.732880199997,
            "p(95)": 25862.530177,
            "avg": 7431.719340182695,
            "min": 6.728663
        },
        "iteration_duration": {
            "avg": 22522.234428225296,
            "min": 1865.08068,
            "med": 20472.75267,
            "max": 72779.727067,
            "p(90)": 39838.84763940001,
            "p(95)": 60666.784807
        },
        "http_req_receiving": {
            "avg": 35.749871339162524,
            "min": 0,
            "med": 0.414878,
            "max": 5623.208834,
            "p(90)": 1.5594967999999987,
            "p(95)": 20.011353800000048
        },
        "image_upload_duration": {
            "max": 134.254153,
            "p(90)": 58.284406999999995,
            "p(95)": 65.4998676,
            "avg": 43.15173060110036,
            "min": 25.730417,
            "med": 37.527675
        },
        "dropped_iterations": {
            "count": 2272,
            "rate": 12.622170707216668
        }
    }
}