{
    "root_group": {
        "name": "",
        "path": "",
        "id": "d41d8cd98f00b204e9800998ecf8427e",
        "groups": {},
        "checks": {
                "presign status 200": {
                    "name": "presign status 200",
                    "path": "::presign status 200",
                    "id": "9923e38b12e510f59f89c291ba178283",
                    "passes": 635,
                    "fails": 0
                },
                "upload status 200 or 204": {
                    "path": "::upload status 200 or 204",
                    "id": "3ee532388740beaa2464e0e2331a1ed9",
                    "passes": 635,
                    "fails": 0,
                    "name": "upload status 200 or 204"
                },
                "create post status 200": {
                    "name": "create post status 200",
                    "path": "::create post status 200",
                    "id": "0bbe11d085fb78e4aed9072347469520",
                    "passes": 11,
                    "fails": 624
                }
            }
    },
    "metrics": {
        "create_post_duration": {
            "avg": 20726.45114021576,
            "min": 1405.46842,
            "med": 19589.339719,
            "max": 60001.169251,
            "p(90)": 41882.10906060001,
            "p(95)": 60000.2037076
        },
        "http_req_waiting": {
            "avg": 8470.435661181102,
            "min": 6.76495,
            "med": 2767.300399,
            "max": 60001.15308,
            "p(90)": 24346.8823864,
            "p(95)": 31837.46479019997
        },
        "checks": {
            "passes": 1281,
            "fails": 624,
            "value": 0.6724409448818898
        },
        "vus": {
            "value": 9,
            "min": 4,
            "max": 120
        },
        "http_req_connecting": {
            "p(90)": 1.5882082,
            "p(95)": 1.7273868,
            "avg": 0.9236801695538059,
            "min": 0,
            "med": 1.249664,
            "max": 42.467904
        },
        "iteration_duration": {
            "avg": 25641.10455243938,
            "min": 2310.902585,
            "med": 24077.440207,
            "max": 76983.20047,
            "p(90)": 48207.279443,
            "p(95)": 61234.37140229999
        },
        "http_req_sending": {
            "avg": 0.3733025448818898,
            "min": 0.011784,
            "med": 0.068042,
            "max": 11.381927,
            "p(90)": 0.41671020000000036,
            "p(95)": 2.9111067999999998
        },
        "presign_duration": {
            "med": 3208.809676,
            "max": 23462.868068,
            "p(90)": 12419.1308886,
            "p(95)": 15376.192937899998,
            "avg": 4845.63850194016,
            "min": 7.407068
        },
        "create_post_success": {
            "passes": 11,
            "fails": 624,
            "value": 0.01732283464566929
        },
        "data_received": {
            "count": 4853711,
            "rate": 27074.847890880425
        },
        "iterations": {
            "count": 635,
            "rate": 3.5421409331353
        },
        "dropped_iterations": {
            "rate": 13.186804985719448,
            "count": 2364
        },
        "image_upload_duration": {
            "p(90)": 59.5124792,
            "p(95)": 67.78562059999985,
            "avg": 44.43068514960624,
            "min": 25.771015,
            "med": 39.998967,
            "max": 121.617196
        },
        "http_req_blocked": {
            "avg": 2.1119540026246733,
            "min": 0.00274,
            "med": 1.573629,
            "max": 45.590126,
            "p(90)": 5.3975016,
            "p(95)": 5.790278799999999
        },
        "vus_max": {
            "min": 40,
            "max": 120,
            "value": 120
        },
        "http_req_duration": {
            "avg": 8538.84010910185,
            "min": 7.407068,
            "med": 2798.427282,
            "max": 60001.169251,
            "p(90)": 24349.927306999998,
            "p(95)": 32456.50666779997
        },
        "http_reqs": {
            "count": 1905,
            "rate": 10.6264227994059
        },
        "http_req_duration{expected_response:true}": {
            "avg": 2804.9574600015626,
            "min": 7.407068,
            "med": 79.139417,
            "max": 55141.300422,
            "p(90)": 8557.520076,
            "p(95)": 13174.840713
        },
        "http_req_tls_handshaking": {
            "min": 0,
            "med": 0,
            "max": 19.173109,
            "p(90)": 3.8009888000000003,
            "p(95)": 4.0715088,
            "avg": 1.1173485690288718
        },
        "data_sent": {
            "count": 82053181,
            "rate": 457706.97813237744
        },
        "http_req_receiving": {
            "max": 10063.030186,
            "p(90)": 3.740355000000015,
            "p(95)": 48.84122839999996,
            "avg": 68.03114537585297,
            "min": 0,
            "med": 0.45609
        },
        "http_req_failed": {
            "passes": 624,
            "fails": 1281,
            "value": 0.32755905511811023
        }
    }
}