{
    "root_group": {
        "name": "",
        "path": "",
        "id": "d41d8cd98f00b204e9800998ecf8427e",
        "groups": {},
        "checks": {
                "presign status 200": {
                    "id": "9923e38b12e510f59f89c291ba178283",
                    "passes": 682,
                    "fails": 0,
                    "name": "presign status 200",
                    "path": "::presign status 200"
                },
                "upload status 200 or 204": {
                    "id": "3ee532388740beaa2464e0e2331a1ed9",
                    "passes": 682,
                    "fails": 0,
                    "name": "upload status 200 or 204",
                    "path": "::upload status 200 or 204"
                },
                "create post status 200": {
                    "fails": 675,
                    "name": "create post status 200",
                    "path": "::create post status 200",
                    "id": "0bbe11d085fb78e4aed9072347469520",
                    "passes": 7
                }
            }
    },
    "metrics": {
        "create_post_duration": {
            "avg": 18964.383554004402,
            "min": 799.120654,
            "med": 14416.228009999999,
            "max": 60001.209737,
            "p(90)": 44673.71959829996,
            "p(95)": 60000.511318
        },
        "http_req_duration": {
            "avg": 7837.883504947224,
            "min": 8.510892,
            "med": 2123.492885,
            "max": 60001.209737,
            "p(90)": 21346.7833635,
            "p(95)": 28985.64575725
        },
        "image_upload_duration": {
            "p(95)": 95.72190474999995,
            "avg": 49.15037798093839,
            "min": 27.199683,
            "med": 41.6617925,
            "max": 374.881236,
            "p(90)": 71.51366560000001
        },
        "data_sent": {
            "count": 88061850,
            "rate": 500919.9002642145
        },
        "http_req_duration{expected_response:true}": {
            "p(95)": 12568.982855999999,
            "avg": 2472.576150602482,
            "min": 8.510892,
            "med": 91.844478,
            "max": 58793.979387,
            "p(90)": 9260.25162
        },
        "http_req_waiting": {
            "p(90)": 21122.5615985,
            "p(95)": 28984.9525215,
            "avg": 7721.716589070862,
            "min": 7.88561,
            "med": 2050.0686055,
            "max": 60001.17682
        },
        "http_req_failed": {
            "passes": 675,
            "fails": 1371,
            "value": 0.32991202346041054
        },
        "dropped_iterations": {
            "count": 2317,
            "rate": 13.179730029657394
        },
        "http_reqs": {
            "count": 2046,
            "rate": 11.638207872541662
        },
        "http_req_sending": {
            "avg": 0.29794754154447745,
            "min": 0.01039,
            "med": 0.06751599999999999,
            "max": 23.200769,
            "p(90)": 0.34432050000000003,
            "p(95)": 1.789636
        },
        "presign_duration": {
            "avg": 4500.116582856307,
            "min": 8.510892,
            "med": 2405.973015,
            "max": 21188.919672,
            "p(90)": 12050.0812366,
            "p(95)": 13981.781755049997
        },
        "http_req_connecting": {
            "avg": 1.0408386329423254,
            "min": 0,
            "med": 1.3251075,
            "max": 41.493948,
            "p(90)": 1.6420914999999998,
            "p(95)": 2.1722485000000002
        },
        "checks": {
            "passes": 1371,
            "fails": 675,
            "value": 0.6700879765395894
        },
        "http_req_blocked": {
            "avg": 2.357608570869994,
            "min": 0.002612,
            "med": 1.573384,
            "max": 45.467628,
            "p(90)": 5.919872,
            "p(95)": 6.4863775
        },
        "vus_max": {
            "value": 120,
            "min": 40,
            "max": 120
        },
        "iterations": {
            "count": 682,
            "rate": 3.8794026241805537
        },
        "http_req_tls_handshaking": {
            "p(90)": 4.0836695,
            "p(95)": 4.5337825,
            "avg": 1.246062532746823,
            "min": 0,
            "med": 0,
            "max": 27.633198
        },
        "http_req_receiving": {
            "p(95)": 43.366274749999995,
            "avg": 115.86896833479946,
            "min": 0,
            "med": 0.460897,
            "max": 11361.412164,
            "p(90)": 2.6320620000000003
        },
        "vus": {
            "max": 120,
            "value": 7,
            "min": 4
        },
        "create_post_success": {
            "passes": 7,
            "fails": 675,
            "value": 0.010263929618768328
        },
        "data_received": {
            "count": 4993105,
            "rate": 28402.14756570241
        },
        "iteration_duration": {
            "med": 20933.905296999998,
            "max": 79185.381446,
            "p(90)": 50879.41768799996,
            "p(95)": 60958.40581115,
            "avg": 23531.89464697069,
            "min": 873.292203
        }
    }
}