{
    "root_group": {
        "name": "",
        "path": "",
        "id": "d41d8cd98f00b204e9800998ecf8427e",
        "groups": {},
        "checks": {
                "presign status 200": {
                    "id": "9923e38b12e510f59f89c291ba178283",
                    "passes": 571,
                    "fails": 1,
                    "name": "presign status 200",
                    "path": "::presign status 200"
                },
                "upload status 200 or 204": {
                    "name": "upload status 200 or 204",
                    "path": "::upload status 200 or 204",
                    "id": "3ee532388740beaa2464e0e2331a1ed9",
                    "passes": 571,
                    "fails": 0
                },
                "create post status 200": {
                    "name": "create post status 200",
                    "path": "::create post status 200",
                    "id": "0bbe11d085fb78e4aed9072347469520",
                    "passes": 5,
                    "fails": 566
                }
            }
    },
    "metrics": {
        "http_req_duration": {
            "p(95)": 32735.21891184999,
            "avg": 9217.329372759621,
            "min": 15.638069,
            "med": 4070.083251,
            "max": 60001.239823,
            "p(90)": 23409.981974600003
        },
        "vus": {
            "value": 5,
            "min": 5,
            "max": 120
        },
        "iterations": {
            "count": 567,
            "rate": 3.779972663590494
        },
        "presign_duration": {
            "med": 4107.951484,
            "max": 19659.951908,
            "p(90)": 12072.727646799998,
            "p(95)": 13587.384110249992,
            "avg": 5114.860336395109,
            "min": 15.638069
        },
        "http_reqs": {
            "count": 1714,
            "rate": 11.426584030677438
        },
        "http_req_sending": {
            "p(95)": 0.3342286999999998,
            "avg": 0.16108236231038503,
            "min": 0.011991,
            "med": 0.066896,
            "max": 8.004524,
            "p(90)": 0.28649270000000004
        },
        "create_post_success": {
            "passes": 5,
            "fails": 566,
            "value": 0.008756567425569177
        },
        "iteration_duration": {
            "avg": 27467.703595837764,
            "min": 3011.25575,
            "med": 23896.744109,
            "max": 74368.1907,
            "p(90)": 52172.02875320001,
            "p(95)": 63296.124551400004
        },
        "http_req_blocked": {
            "avg": 2.5728764364060646,
            "min": 0.003014,
            "med": 1.583907,
            "max": 33.72995,
            "p(90)": 5.7872923,
            "p(95)": 6.19087385
        },
        "http_req_receiving": {
            "avg": 85.04441900525087,
            "min": 0,
            "med": 0.5246225,
            "max": 11033.858221,
            "p(90)": 5.919535400000002,
            "p(95)": 92.89621414999974
        },
        "checks": {
            "passes": 1147,
            "fails": 567,
            "value": 0.6691948658109685
        },
        "http_req_tls_handshaking": {
            "p(95)": 4.279634799999999,
            "avg": 1.3961013004667446,
            "min": 0,
            "med": 0,
            "max": 23.46772,
            "p(90)": 4.029780700000001
        },
        "http_req_failed": {
            "passes": 567,
            "fails": 1147,
            "value": 0.3308051341890315
        },
        "image_upload_duration": {
            "med": 42.904195,
            "max": 123.908305,
            "p(90)": 59.378405,
            "p(95)": 69.09947600000001,
            "avg": 45.995857112084025,
            "min": 28.097111
        },
        "dropped_iterations": {
            "count": 1829,
            "rate": 12.193245152922422
        },
        "create_post_duration": {
            "avg": 22498.31663411734,
            "min": 461.109887,
            "med": 18877.368983,
            "max": 60001.239823,
            "p(90)": 48578.537807,
            "p(95)": 60000.6474395
        },
        "data_sent": {
            "count": 73841602,
            "rate": 492273.78658858757
        },
        "http_req_duration{expected_response:true}": {
            "avg": 2741.7617872022684,
            "min": 15.638069,
            "med": 72.179544,
            "max": 50990.563362,
            "p(90)": 9084.299749600015,
            "p(95)": 12314.407805400002
        },
        "vus_max": {
            "value": 120,
            "min": 40,
            "max": 120
        },
        "data_received": {
            "count": 4558999,
            "rate": 30393.106866554495
        },
        "http_req_connecting": {
            "p(90)": 1.7304943000000002,
            "p(95)": 1.8235683499999995,
            "avg": 1.096753588098015,
            "min": 0,
            "med": 1.382973,
            "max": 33.660764
        },
        "http_req_waiting": {
            "med": 3963.4413605,
            "max": 60001.216921,
            "p(90)": 23409.3399378,
            "p(95)": 32734.957009799986,
            "avg": 9132.123871392072,
            "min": 11.323502
        }
    }
}