{
    "root_group": {
        "name": "",
        "path": "",
        "id": "d41d8cd98f00b204e9800998ecf8427e",
        "groups": {},
        "checks": {
                "presign status 200": {
                    "name": "presign status 200",
                    "path": "::presign status 200",
                    "id": "9923e38b12e510f59f89c291ba178283",
                    "passes": 510,
                    "fails": 0
                },
                "upload status 200 or 204": {
                    "path": "::upload status 200 or 204",
                    "id": "3ee532388740beaa2464e0e2331a1ed9",
                    "passes": 510,
                    "fails": 0,
                    "name": "upload status 200 or 204"
                },
                "create post status 200": {
                    "name": "create post status 200",
                    "path": "::create post status 200",
                    "id": "0bbe11d085fb78e4aed9072347469520",
                    "passes": 0,
                    "fails": 496
                }
            }
    },
    "metrics": {
        "create_post_duration": {
            "p(95)": 60000.368453,
            "avg": 24411.15113813307,
            "min": 3591.088542,
            "med": 20722.688527,
            "max": 60001.256506,
            "p(90)": 49970.186625500006
        },
        "dropped_iterations": {
            "count": 1891,
            "rate": 12.60659094576646
        },
        "checks": {
            "passes": 1020,
            "fails": 496,
            "value": 0.6728232189973615
        },
        "http_req_sending": {
            "min": 0.010467,
            "med": 0.0659815,
            "max": 6.173298,
            "p(90)": 2.382561,
            "p(95)": 3.010758,
            "avg": 0.4951423588390499
        },
        "http_req_waiting": {
            "avg": 9780.267035207118,
            "min": 10.111275,
            "med": 4436.6602635,
            "max": 60001.23063,
            "p(90)": 27270.220624,
            "p(95)": 37525.88000025
        },
        "presign_duration": {
            "avg": 5630.093516307841,
            "min": 12.944463,
            "med": 5033.7748245,
            "max": 19526.79284,
            "p(90)": 11589.482072500003,
            "p(95)": 13409.151159249997
        },
        "vus": {
            "value": 14,
            "min": 14,
            "max": 120
        },
        "http_reqs": {
            "count": 1516,
            "rate": 10.1066059618096
        },
        "http_req_duration": {
            "min": 12.944463,
            "med": 4695.21706,
            "max": 60001.256506,
            "p(90)": 27517.159194,
            "p(95)": 37526.42943875,
            "avg": 9895.184780914908
        },
        "data_received": {
            "count": 4052276,
            "rate": 27015.01106893005
        },
        "http_req_connecting": {
            "min": 0,
            "med": 1.264836,
            "max": 49.398593,
            "p(90)": 1.546789,
            "p(95)": 1.625351,
            "avg": 1.0008803839050127
        },
        "image_upload_duration": {
            "avg": 42.78719614901956,
            "min": 26.759431,
            "med": 37.734642,
            "max": 106.167451,
            "p(90)": 58.3622395,
            "p(95)": 61.251606349999996
        },
        "vus_max": {
            "max": 120,
            "value": 120,
            "min": 40
        },
        "iteration_duration": {
            "max": 72523.087896,
            "p(90)": 52464.328344,
            "p(95)": 60604.216644,
            "avg": 29994.492840026156,
            "min": 4174.893255,
            "med": 27217.5757515
        },
        "http_req_blocked": {
            "max": 53.39921,
            "p(90)": 5.414645,
            "p(95)": 5.732041,
            "avg": 2.2328743153034316,
            "min": 0.002596,
            "med": 1.571992
        },
        "http_req_receiving": {
            "p(90)": 9.3097445,
            "p(95)": 307.639865,
            "avg": 114.42260334894442,
            "min": 0,
            "med": 0.558109,
            "max": 9512.451528
        },
        "iterations": {
            "count": 496,
            "rate": 3.30664680544694
        },
        "http_req_tls_handshaking": {
            "med": 0,
            "max": 12.698991,
            "p(90)": 3.8907845,
            "p(95)": 4.07739675,
            "avg": 1.1695206319261204,
            "min": 0
        },
        "http_req_duration{expected_response:true}": {
            "avg": 2836.440356228431,
            "min": 12.944463,
            "med": 62.301877000000005,
            "max": 19526.79284,
            "p(90)": 9384.018739500001,
            "p(95)": 11581.369842249993
        },
        "create_post_success": {
            "passes": 0,
            "fails": 496,
            "value": 0
        },
        "http_req_failed": {
            "passes": 496,
            "fails": 1020,
            "value": 0.32717678100263853
        },
        "data_sent": {
            "count": 65948856,
            "rate": 439656.39922435535
        }
    }
}