{
    "root_group": {
        "name": "",
        "path": "",
        "id": "d41d8cd98f00b204e9800998ecf8427e",
        "groups": {},
        "checks": {
                "presign status 200": {
                    "name": "presign status 200",
                    "path": "::presign status 200",
                    "id": "9923e38b12e510f59f89c291ba178283",
                    "passes": 572,
                    "fails": 0
                },
                "upload status 200 or 204": {
                    "name": "upload status 200 or 204",
                    "path": "::upload status 200 or 204",
                    "id": "3ee532388740beaa2464e0e2331a1ed9",
                    "passes": 572,
                    "fails": 0
                },
                "create post status 200": {
                    "name": "create post status 200",
                    "path": "::create post status 200",
                    "id": "0bbe11d085fb78e4aed9072347469520",
                    "passes": 0,
                    "fails": 564
                }
            }
    },
    "metrics": {
        "http_req_connecting": {
            "med": 1.162124,
            "max": 45.806603,
            "p(90)": 1.5435327,
            "p(95)": 1.6060603999999998,
            "avg": 0.8940605134660414,
            "min": 0
        },
        "vus": {
            "value": 8,
            "min": 8,
            "max": 120
        },
        "data_sent": {
            "count": 73968682,
            "rate": 493122.00178236474
        },
        "http_req_duration": {
            "avg": 9131.619450509956,
            "min": 10.911403,
            "med": 3325.366288,
            "max": 60001.235276,
            "p(90)": 22892.699686099997,
            "p(95)": 34833.32850519999
        },
        "http_req_sending": {
            "max": 5.49018,
            "p(90)": 2.3057374,
            "p(95)": 2.7354965999999985,
            "avg": 0.4226255872365344,
            "min": 0.011574,
            "med": 0.0751355
        },
        "http_req_receiving": {
            "med": 0.504589,
            "max": 8483.92963,
            "p(90)": 10.380453099999983,
            "p(95)": 139.34105849999835,
            "avg": 72.31510946721315,
            "min": 0
        },
        "data_received": {
            "count": 4551077,
            "rate": 30340.35675403381
        },
        "checks": {
            "passes": 1144,
            "fails": 564,
            "value": 0.6697892271662763
        },
        "iterations": {
            "count": 564,
            "rate": 3.759980595642541
        },
        "create_post_duration": {
            "avg": 23070.791524010645,
            "min": 2906.927293,
            "med": 18780.993387000002,
            "max": 60001.235276,
            "p(90)": 52205.8020636,
            "p(95)": 60000.49030585
        },
        "vus_max": {
            "value": 120,
            "min": 40,
            "max": 120
        },
        "http_req_tls_handshaking": {
            "avg": 1.0512064648711954,
            "min": 0,
            "med": 0,
            "max": 10.400427,
            "p(90)": 3.682135499999999,
            "p(95)": 3.973868899999999
        },
        "http_reqs": {
            "count": 1708,
            "rate": 11.386607903116065
        },
        "image_upload_duration": {
            "avg": 42.41607801923077,
            "min": 26.796505,
            "med": 37.398884499999994,
            "max": 108.362152,
            "p(90)": 57.7678406,
            "p(95)": 62.24789059999999
        },
        "http_req_blocked": {
            "min": 0.00294,
            "med": 1.5910205,
            "max": 45.874352,
            "p(90)": 5.197419399999999,
            "p(95)": 5.51901975,
            "avg": 2.0112715497658042
        },
        "http_req_waiting": {
            "min": 9.34031,
            "med": 3185.821712,
            "max": 60001.205261,
            "p(90)": 22750.33302409999,
            "p(95)": 34811.29298734998,
            "avg": 9058.881715455504
        },
        "http_req_failed": {
            "passes": 564,
            "fails": 1144,
            "value": 0.33021077283372363
        },
        "dropped_iterations": {
            "count": 1829,
            "rate": 12.193270406791148
        },
        "create_post_success": {
            "passes": 0,
            "fails": 564,
            "value": 0
        },
        "http_req_duration{expected_response:true}": {
            "max": 19314.905773,
            "p(90)": 7854.919419500005,
            "p(95)": 10307.991453649996,
            "avg": 2259.5101415463273,
            "min": 10.911403,
            "med": 63.72954
        },
        "presign_duration": {
            "avg": 4476.604205073425,
            "min": 10.911403,
            "med": 3424.6538069999997,
            "max": 19314.905773,
            "p(90)": 10309.3996901,
            "p(95)": 13506.898664299995
        },
        "iteration_duration": {
            "min": 4238.203282,
            "med": 23424.9411165,
            "max": 74127.177695,
            "p(90)": 54281.65627419999,
            "p(95)": 62108.34908870001,
            "avg": 27570.01177944678
        }
    }
}