{
    "root_group": {
        "id": "d41d8cd98f00b204e9800998ecf8427e",
        "groups": {},
        "checks": {
                "presign status 200": {
                    "path": "::presign status 200",
                    "id": "9923e38b12e510f59f89c291ba178283",
                    "passes": 488,
                    "fails": 0,
                    "name": "presign status 200"
                },
                "upload status 200 or 204": {
                    "fails": 0,
                    "name": "upload status 200 or 204",
                    "path": "::upload status 200 or 204",
                    "id": "3ee532388740beaa2464e0e2331a1ed9",
                    "passes": 488
                },
                "create post status 200": {
                    "name": "create post status 200",
                    "path": "::create post status 200",
                    "id": "0bbe11d085fb78e4aed9072347469520",
                    "passes": 15,
                    "fails": 473
                }
            },
        "name": "",
        "path": ""
    },
    "metrics": {
        "http_req_waiting": {
            "p(95)": 21983.0337113,
            "avg": 4929.965330375008,
            "min": 4.84133,
            "med": 1490.7516999999998,
            "max": 60001.182585,
            "p(90)": 13034.436552400004
        },
        "http_req_duration": {
            "med": 1515.7393535,
            "max": 60001.212343,
            "p(90)": 13167.857525400006,
            "p(95)": 21983.58003365,
            "avg": 4964.556539036203,
            "min": 5.181401
        },
        "iterations": {
            "count": 488,
            "rate": 3.5864534740695153
        },
        "http_req_duration{expected_response:true}": {
            "avg": 1600.2997663128165,
            "min": 5.181401,
            "med": 65.629753,
            "max": 58510.69349,
            "p(90)": 3852.787672,
            "p(95)": 5802.596667
        },
        "create_post_duration": {
            "avg": 12628.103203944678,
            "min": 565.606571,
            "med": 7314.424444,
            "max": 60001.212343,
            "p(90)": 27802.816714800003,
            "p(95)": 45159.51635209998
        },
        "presign_duration": {
            "med": 1603.482838,
            "max": 12445.974759,
            "p(90)": 4940.5663139,
            "p(95)": 6798.819038449998,
            "avg": 2219.949136131149,
            "min": 5.181401
        },
        "vus": {
            "value": 6,
            "min": 6,
            "max": 60
        },
        "http_req_failed": {
            "passes": 473,
            "fails": 991,
            "value": 0.32308743169398907
        },
        "image_upload_duration": {
            "p(95)": 72.51779925,
            "avg": 45.6172770327869,
            "min": 26.23342,
            "med": 40.8272615,
            "max": 128.025015,
            "p(90)": 62.6072214
        },
        "iteration_duration": {
            "avg": 14931.667706420081,
            "min": 1348.93629,
            "med": 10264.439006,
            "max": 64842.00354,
            "p(90)": 30407.722206500002,
            "p(95)": 49662.25623749999
        },
        "http_reqs": {
            "count": 1464,
            "rate": 10.759360422208546
        },
        "http_req_blocked": {
            "avg": 2.090978415983608,
            "min": 0.002738,
            "med": 1.5460925,
            "max": 47.841085,
            "p(90)": 5.5682404000000005,
            "p(95)": 6.245270799999999
        },
        "http_req_connecting": {
            "med": 1.144906,
            "max": 45.920577,
            "p(90)": 1.6435110000000002,
            "p(95)": 1.8638747999999994,
            "avg": 0.9103186372950821,
            "min": 0
        },
        "http_req_receiving": {
            "avg": 34.298652653688485,
            "min": 0,
            "med": 0.489117,
            "max": 3849.599966,
            "p(90)": 3.6191722000000044,
            "p(95)": 37.77026164999998
        },
        "data_received": {
            "count": 3364254,
            "rate": 24724.877963016934
        },
        "http_req_sending": {
            "avg": 0.2925560075136609,
            "min": 0.01098,
            "med": 0.064696,
            "max": 19.802774,
            "p(90)": 0.3723738000000001,
            "p(95)": 1.0422354999999992
        },
        "http_req_tls_handshaking": {
            "avg": 1.0819687588797802,
            "min": 0,
            "med": 0,
            "max": 22.427807,
            "p(90)": 3.8762921,
            "p(95)": 4.134924750000001
        },
        "vus_max": {
            "value": 60,
            "min": 20,
            "max": 60
        },
        "data_sent": {
            "count": 62946609,
            "rate": 462612.87813308486
        },
        "create_post_success": {
            "passes": 15,
            "fails": 473,
            "value": 0.030737704918032786
        },
        "checks": {
            "passes": 991,
            "fails": 473,
            "value": 0.6769125683060109
        },
        "dropped_iterations": {
            "count": 713,
            "rate": 5.24004370289255
        }
    }
}