{
    "root_group": {
        "name": "",
        "path": "",
        "id": "d41d8cd98f00b204e9800998ecf8427e",
        "groups": {},
        "checks": {
                "presign status 200": {
                    "id": "9923e38b12e510f59f89c291ba178283",
                    "passes": 514,
                    "fails": 0,
                    "name": "presign status 200",
                    "path": "::presign status 200"
                },
                "upload status 200 or 204": {
                    "name": "upload status 200 or 204",
                    "path": "::upload status 200 or 204",
                    "id": "3ee532388740beaa2464e0e2331a1ed9",
                    "passes": 514,
                    "fails": 0
                },
                "create post status 200": {
                    "fails": 504,
                    "name": "create post status 200",
                    "path": "::create post status 200",
                    "id": "0bbe11d085fb78e4aed9072347469520",
                    "passes": 10
                }
            }
    },
    "metrics": {
        "http_req_waiting": {
            "avg": 4643.231624221791,
            "min": 5.462271,
            "med": 1659.94861,
            "max": 60001.100277,
            "p(90)": 9034.636787000003,
            "p(95)": 20039.802597599995
        },
        "create_post_success": {
            "passes": 10,
            "fails": 504,
            "value": 0.019455252918287938
        },
        "checks": {
            "fails": 504,
            "passes": 1038,
            "value": 0.6731517509727627
        },
        "create_post_duration": {
            "avg": 11670.415100184833,
            "min": 750.110005,
            "med": 7202.5430925,
            "max": 60001.127601,
            "p(90)": 29605.455117699992,
            "p(95)": 43823.33017669999
        },
        "http_reqs": {
            "count": 1542,
            "rate": 11.444059836032284
        },
        "http_req_receiving": {
            "p(90)": 1.993421900000008,
            "p(95)": 14.568673999999987,
            "avg": 32.05628200194558,
            "min": 0,
            "med": 0.4413465,
            "max": 5538.179517
        },
        "iterations": {
            "count": 514,
            "rate": 3.814686612010761
        },
        "http_req_tls_handshaking": {
            "p(90)": 3.8872971,
            "p(95)": 4.15950465,
            "avg": 1.0915923216601815,
            "min": 0,
            "med": 0,
            "max": 11.014316
        },
        "presign_duration": {
            "avg": 2309.78837592996,
            "min": 5.929465,
            "med": 1778.6638285,
            "max": 10668.614781,
            "p(90)": 5600.5606994,
            "p(95)": 6415.84684095
        },
        "image_upload_duration": {
            "avg": 46.37450688132294,
            "min": 25.188073,
            "med": 41.882399,
            "max": 151.354008,
            "p(90)": 62.9469431,
            "p(95)": 68.06957359999998
        },
        "dropped_iterations": {
            "count": 687,
            "rate": 5.098618098154461
        },
        "data_received": {
            "rate": 28573.138224061066,
            "count": 3850013
        },
        "http_req_duration": {
            "avg": 4675.525994332039,
            "min": 5.929465,
            "med": 1682.238247,
            "max": 60001.127601,
            "p(90)": 9056.910106700001,
            "p(95)": 20040.542531249997
        },
        "iteration_duration": {
            "avg": 14053.235753011671,
            "min": 1246.940683,
            "med": 9483.451867,
            "max": 62457.362859,
            "p(90)": 32123.3594467,
            "p(95)": 47397.91444284999
        },
        "http_req_connecting": {
            "med": 1.213125,
            "max": 32.262107,
            "p(90)": 1.5900032,
            "p(95)": 1.8387349499999999,
            "avg": 0.8997675881971453,
            "min": 0
        },
        "http_req_sending": {
            "avg": 0.23808810830090804,
            "min": 0.011687,
            "med": 0.06740850000000001,
            "max": 13.270812,
            "p(90)": 0.3264357000000001,
            "p(95)": 0.5832715999999998
        },
        "http_req_blocked": {
            "max": 32.354119,
            "p(90)": 5.4924563000000015,
            "p(95)": 6.152622549999999,
            "avg": 2.085573205577172,
            "min": 0.003008,
            "med": 1.590569
        },
        "http_req_duration{expected_response:true}": {
            "avg": 1455.9395023323689,
            "min": 5.929465,
            "med": 62.699306,
            "max": 44027.466006,
            "p(90)": 4467.0051847,
            "p(95)": 5802.111856649999
        },
        "vus_max": {
            "value": 60,
            "min": 20,
            "max": 60
        },
        "vus": {
            "value": 9,
            "min": 9,
            "max": 60
        },
        "data_sent": {
            "count": 66391135,
            "rate": 492726.4082503873
        },
        "http_req_failed": {
            "passes": 504,
            "fails": 1038,
            "value": 0.32684824902723736
        }
    }
}