{
    "metrics": {
        "presign_duration": {
            "avg": 2028.0828154690448,
            "min": 6.332747,
            "med": 1702.905886,
            "max": 9468.940552,
            "p(90)": 4481.3004630000005,
            "p(95)": 5338.9657665999985
        },
        "checks": {
            "passes": 1080,
            "fails": 519,
            "value": 0.6754221388367729
        },
        "image_upload_duration": {
            "p(95)": 74.73319559999996,
            "avg": 44.893025878048796,
            "min": 26.324894,
            "med": 38.371291,
            "max": 135.954193,
            "p(90)": 62.062437800000005
        },
        "vus": {
            "max": 60,
            "value": 11,
            "min": 10
        },
        "http_req_sending": {
            "med": 0.065341,
            "max": 3.504541,
            "p(90)": 0.28697480000000003,
            "p(95)": 0.3336455,
            "avg": 0.13390992745465907,
            "min": 0.013013
        },
        "create_post_success": {
            "passes": 14,
            "fails": 519,
            "value": 0.02626641651031895
        },
        "iterations": {
            "count": 533,
            "rate": 3.9375184986927647
        },
        "http_reqs": {
            "count": 1599,
            "rate": 11.812555496078295
        },
        "vus_max": {
            "value": 60,
            "min": 20,
            "max": 60
        },
        "create_post_duration": {
            "p(90)": 28166.2426372,
            "p(95)": 44454.56808739999,
            "avg": 11372.970030671662,
            "min": 494.119229,
            "med": 6321.606312,
            "max": 60001.171011
        },
        "http_req_blocked": {
            "min": 0.002781,
            "med": 1.560865,
            "max": 38.638295,
            "p(90)": 5.492013,
            "p(95)": 5.863851699999999,
            "avg": 1.8972980256410283
        },
        "http_req_connecting": {
            "avg": 0.850123315196998,
            "min": 0,
            "med": 0.554346,
            "max": 35.620731,
            "p(90)": 1.6089028,
            "p(95)": 1.7665229999999996
        },
        "http_req_duration": {
            "p(95)": 19918.856523399973,
            "avg": 4481.981957339588,
            "min": 6.332747,
            "med": 1600.138112,
            "max": 60001.171011,
            "p(90)": 10039.066213000006
        },
        "data_sent": {
            "rate": 507911.45936854684,
            "count": 68753152
        },
        "http_req_receiving": {
            "avg": 39.5539956297686,
            "min": 0,
            "med": 0.419812,
            "max": 8554.388868,
            "p(90)": 2.7598452000000027,
            "p(95)": 27.233954899999837
        },
        "http_req_duration{expected_response:true}": {
            "min": 6.332747,
            "med": 64.62510950000001,
            "max": 53733.88351,
            "p(90)": 3659.477606600001,
            "p(95)": 4849.759270149999,
            "avg": 1373.1310085805562
        },
        "dropped_iterations": {
            "count": 668,
            "rate": 4.934826185978925
        },
        "iteration_duration": {
            "avg": 13478.76004194747,
            "min": 1921.883676,
            "med": 8875.323783,
            "max": 64292.799267,
            "p(90)": 30171.276687800007,
            "p(95)": 47327.65834499999
        },
        "data_received": {
            "count": 3688436,
            "rate": 27248.189458244553
        },
        "http_req_tls_handshaking": {
            "p(90)": 3.8692964,
            "p(95)": 4.078634699999999,
            "avg": 0.9852650444027516,
            "min": 0,
            "med": 0,
            "max": 8.070801
        },
        "http_req_waiting": {
            "p(95)": 19918.262500699973,
            "avg": 4442.294051782366,
            "min": 5.811156,
            "med": 1549.706912,
            "max": 60001.152219,
            "p(90)": 9472.419225000001
        },
        "http_req_failed": {
            "passes": 519,
            "fails": 1080,
            "value": 0.324577861163227
        }
    },
    "root_group": {
        "name": "",
        "path": "",
        "id": "d41d8cd98f00b204e9800998ecf8427e",
        "groups": {},
        "checks": {
                "presign status 200": {
                    "passes": 533,
                    "fails": 0,
                    "name": "presign status 200",
                    "path": "::presign status 200",
                    "id": "9923e38b12e510f59f89c291ba178283"
                },
                "upload status 200 or 204": {
                    "name": "upload status 200 or 204",
                    "path": "::upload status 200 or 204",
                    "id": "3ee532388740beaa2464e0e2331a1ed9",
                    "passes": 533,
                    "fails": 0
                },
                "create post status 200": {
                    "path": "::create post status 200",
                    "id": "0bbe11d085fb78e4aed9072347469520",
                    "passes": 14,
                    "fails": 519,
                    "name": "create post status 200"
                }
            }
    }
}