{
    "root_group": {
        "groups": {},
        "checks": {
                "presign status 200": {
                    "name": "presign status 200",
                    "path": "::presign status 200",
                    "id": "9923e38b12e510f59f89c291ba178283",
                    "passes": 1500,
                    "fails": 0
                },
                "upload status 200 or 204": {
                    "fails": 0,
                    "name": "upload status 200 or 204",
                    "path": "::upload status 200 or 204",
                    "id": "3ee532388740beaa2464e0e2331a1ed9",
                    "passes": 1500
                },
                "create post status 200": {
                    "path": "::create post status 200",
                    "id": "0bbe11d085fb78e4aed9072347469520",
                    "passes": 1495,
                    "fails": 5,
                    "name": "create post status 200"
                }
            },
        "name": "",
        "path": "",
        "id": "d41d8cd98f00b204e9800998ecf8427e"
    },
    "metrics": {
        "iteration_duration": {
            "p(90)": 80631.2274143,
            "p(95)": 83333.35079644999,
            "avg": 31301.515378245957,
            "min": 416.961764,
            "med": 16050.061886,
            "max": 90439.679781
        },
        "iterations": {
            "count": 1240,
            "rate": 6.841605209881732
        },
        "image_completion_duration": {
            "p(95)": 83331.7,
            "avg": 31356.687449392713,
            "min": 1044,
            "med": 16013,
            "max": 90147,
            "p(90)": 80543.40000000001
        },
        "dropped_iterations": {
            "count": 1499,
            "rate": 8.270617910977997
        },
        "image_completion_success": {
            "passes": 1235,
            "fails": 0,
            "value": 1
        },
        "http_req_connecting": {
            "avg": 0.06254196988581882,
            "min": 0,
            "med": 0,
            "max": 66.073226,
            "p(90)": 0,
            "p(95)": 0
        },
        "presign_duration": {
            "max": 308.728594,
            "p(90)": 71.69924710000012,
            "p(95)": 108.36797434999998,
            "avg": 26.43235446333332,
            "min": 3.555131,
            "med": 9.5874275
        },
        "http_req_duration{expected_response:true}": {
            "avg": 271.58259195292584,
            "min": 3.555131,
            "med": 232.545317,
            "max": 1932.560254,
            "p(90)": 586.3681262,
            "p(95)": 660.7925714999999
        },
        "http_req_waiting": {
            "avg": 269.22301971308593,
            "min": 3.299591,
            "med": 230.2036955,
            "max": 1932.384232,
            "p(90)": 583.7078683000001,
            "p(95)": 658.75447385
        },
        "http_req_failed": {
            "passes": 5,
            "fails": 45887,
            "value": 0.00010895145123333043
        },
        "image_upload_duration": {
            "avg": 37.95086069200009,
            "min": 25.982702,
            "med": 34.9803515,
            "max": 115.905623,
            "p(90)": 51.901729,
            "p(95)": 56.4551952
        },
        "vus": {
            "value": 233,
            "min": 4,
            "max": 480
        },
        "create_post_duration": {
            "max": 982.950257,
            "p(90)": 144.31036470000006,
            "p(95)": 194.3600820499999,
            "avg": 73.76790497266651,
            "min": 19.180795,
            "med": 45.72995
        },
        "http_reqs": {
            "count": 45892,
            "rate": 253.20560184830035
        },
        "checks": {
            "passes": 4495,
            "fails": 5,
            "value": 0.9988888888888889
        },
        "http_req_duration": {
            "max": 1932.560254,
            "p(90)": 586.4400068000001,
            "p(95)": 660.8761533499999,
            "avg": 271.6232767148721,
            "min": 3.555131,
            "med": 232.661588
        },
        "http_req_sending": {
            "avg": 0.04827346417676305,
            "min": 0.005979,
            "med": 0.0203295,
            "max": 12.995331,
            "p(90)": 0.0369109,
            "p(95)": 0.09196709999999977
        },
        "http_req_receiving": {
            "avg": 2.351983537610034,
            "min": 0.021418,
            "med": 0.2478195,
            "max": 192.262517,
            "p(90)": 4.990737800000003,
            "p(95)": 12.399260049999993
        },
        "data_received": {
            "rate": 252260.82030820413,
            "count": 45720764
        },
        "http_req_blocked": {
            "max": 69.453092,
            "p(90)": 0.008910900000000001,
            "p(95)": 0.05252894999999549,
            "avg": 0.18688678083326063,
            "min": 0.002055,
            "med": 0.005618
        },
        "http_req_tls_handshaking": {
            "avg": 0.11316484175891212,
            "min": 0,
            "med": 0,
            "max": 25.85872,
            "p(90)": 0,
            "p(95)": 0
        },
        "vus_max": {
            "value": 480,
            "min": 160,
            "max": 480
        },
        "create_post_success": {
            "passes": 1495,
            "fails": 5,
            "value": 0.9966666666666667
        },
        "data_sent": {
            "count": 208018575,
            "rate": 1147726.5858646564
        }
    }
}