{
    "metrics": {
        "dropped_iterations": {
            "count": 2114,
            "rate": 11.649438309521932
        },
        "http_reqs": {
            "count": 64773,
            "rate": 356.93901022831795
        },
        "http_req_blocked": {
            "avg": 0.09382349173266717,
            "min": 0.001874,
            "med": 0.005569,
            "max": 87.264958,
            "p(90)": 0.008360800000000003,
            "p(95)": 0.013331199999999953
        },
        "http_req_sending": {
            "avg": 0.0516632270699214,
            "min": 0.005536,
            "med": 0.018552,
            "max": 77.25718,
            "p(90)": 0.0348708,
            "p(95)": 0.08848159999999983
        },
        "http_req_failed": {
            "passes": 0,
            "fails": 64773,
            "value": 0
        },
        "http_req_waiting": {
            "avg": 10.993522001497606,
            "min": 2.168933,
            "med": 8.162412,
            "max": 2076.123574,
            "p(90)": 17.384578800000003,
            "p(95)": 26.593340599999994
        },
        "create_post_success": {
            "passes": 885,
            "fails": 0,
            "value": 1
        },
        "image_completion_duration": {
            "p(90)": 65844,
            "p(95)": 74904,
            "avg": 31909.77207977208,
            "min": 1049,
            "med": 28372,
            "max": 91198
        },
        "data_received": {
            "count": 58860515,
            "rate": 324357.5867356624
        },
        "iteration_duration": {
            "min": 1106.118906,
            "med": 56821.470155,
            "max": 120845.875681,
            "p(90)": 120541.64736739999,
            "p(95)": 120620.1265515,
            "avg": 67836.22186102525
        },
        "create_post_duration": {
            "min": 20.099801,
            "med": 28.599618,
            "max": 1647.175163,
            "p(90)": 46.61053,
            "p(95)": 57.267281799999985,
            "avg": 38.726192375141224
        },
        "image_completion_success": {
            "passes": 351,
            "fails": 241,
            "value": 0.5929054054054054
        },
        "checks": {
            "passes": 2655,
            "fails": 0,
            "value": 1
        },
        "http_req_receiving": {
            "avg": 0.2899849900730299,
            "min": 0.017496,
            "med": 0.122337,
            "max": 76.445317,
            "p(90)": 0.3362584,
            "p(95)": 0.49696539999999995
        },
        "http_req_duration": {
            "p(95)": 27.62901899999996,
            "avg": 11.33517021864064,
            "min": 2.318601,
            "med": 8.368268,
            "max": 2076.975724,
            "p(90)": 17.992386600000003
        },
        "iterations": {
            "count": 592,
            "rate": 3.2622835757980058
        },
        "http_req_duration{expected_response:true}": {
            "p(90)": 17.992386600000003,
            "p(95)": 27.62901899999996,
            "avg": 11.33517021864064,
            "min": 2.318601,
            "med": 8.368268,
            "max": 2076.975724
        },
        "vus_max": {
            "value": 480,
            "min": 160,
            "max": 480
        },
        "data_sent": {
            "count": 138491277,
            "rate": 763171.990453365
        },
        "http_req_connecting": {
            "avg": 0.02953400382875582,
            "min": 0,
            "med": 0,
            "max": 57.48746,
            "p(90)": 0,
            "p(95)": 0
        },
        "vus": {
            "value": 227,
            "min": 4,
            "max": 480
        },
        "http_req_tls_handshaking": {
            "p(90)": 0,
            "p(95)": 0,
            "avg": 0.053639656430920266,
            "min": 0,
            "med": 0,
            "max": 81.083766
        },
        "presign_duration": {
            "p(90)": 10.3456802,
            "p(95)": 14.9603116,
            "avg": 7.009817976271188,
            "min": 2.318601,
            "med": 5.051121,
            "max": 579.497498
        },
        "image_upload_duration": {
            "avg": 42.746974971751406,
            "min": 28.195849,
            "med": 37.884339,
            "max": 117.990035,
            "p(90)": 58.0433168,
            "p(95)": 64.59379179999999
        }
    },
    "root_group": {
        "name": "",
        "path": "",
        "id": "d41d8cd98f00b204e9800998ecf8427e",
        "groups": {},
        "checks": {
                "presign status 200": {
                    "passes": 885,
                    "fails": 0,
                    "name": "presign status 200",
                    "path": "::presign status 200",
                    "id": "9923e38b12e510f59f89c291ba178283"
                },
                "upload status 200 or 204": {
                    "id": "3ee532388740beaa2464e0e2331a1ed9",
                    "passes": 885,
                    "fails": 0,
                    "name": "upload status 200 or 204",
                    "path": "::upload status 200 or 204"
                },
                "create post status 200": {
                    "name": "create post status 200",
                    "path": "::create post status 200",
                    "id": "0bbe11d085fb78e4aed9072347469520",
                    "passes": 885,
                    "fails": 0
                }
            }
    }
}