{
    "metrics": {
        "http_req_failed": {
            "passes": 2401,
            "fails": 4802,
            "value": 0.3333333333333333
        },
        "http_req_duration{expected_response:true}": {
            "avg": 24.57306428675546,
            "min": 3.1173,
            "med": 29.5728645,
            "max": 646.18128,
            "p(90)": 42.7233461,
            "p(95)": 55.175648349999996
        },
        "http_req_waiting": {
            "min": 2.891891,
            "med": 30.20092,
            "max": 3085.735734,
            "p(90)": 45.1920656,
            "p(95)": 57.782822599999996,
            "avg": 43.712717924059426
        },
        "presign_duration": {
            "med": 4.546689,
            "max": 646.18128,
            "p(90)": 9.753332,
            "p(95)": 16.533812,
            "avg": 10.42876893752604,
            "min": 3.1173
        },
        "vus": {
            "value": 1,
            "min": 1,
            "max": 58
        },
        "iterations": {
            "count": 2401,
            "rate": 19.996255162629453
        },
        "vus_max": {
            "value": 160,
            "min": 160,
            "max": 160
        },
        "create_post_success": {
            "fails": 2401,
            "passes": 0,
            "value": 0
        },
        "iteration_duration": {
            "p(95)": 152.594442,
            "avg": 142.1631337301122,
            "min": 61.861287,
            "med": 80.907154,
            "max": 3433.582561,
            "p(90)": 117.583244
        },
        "http_req_blocked": {
            "avg": 2.4594988288213155,
            "min": 0.003297,
            "med": 1.583051,
            "max": 1016.110672,
            "p(90)": 5.936424,
            "p(95)": 6.422400799999998
        },
        "image_upload_duration": {
            "p(95)": 58.102052,
            "avg": 38.71735963598498,
            "min": 26.629045,
            "med": 36.013585,
            "max": 129.950258,
            "p(90)": 53.091869
        },
        "data_sent": {
            "count": 310507824,
            "rate": 2586003.1981244637
        },
        "http_req_connecting": {
            "max": 1013.130033,
            "p(90)": 1.8164026,
            "p(95)": 2.0985963,
            "avg": 1.1443726347355292,
            "min": 0,
            "med": 1.328368
        },
        "http_req_receiving": {
            "p(90)": 0.5086694,
            "p(95)": 0.8306979999999999,
            "avg": 0.515465483826184,
            "min": 0.035718,
            "med": 0.215844,
            "max": 159.411535
        },
        "checks": {
            "passes": 4802,
            "fails": 2401,
            "value": 0.6666666666666666
        },
        "create_post_duration": {
            "max": 3086.848743,
            "p(90)": 53.271521,
            "p(95)": 86.391657,
            "avg": 84.65625871137003,
            "min": 22.877996,
            "med": 31.166784
        },
        "http_req_duration": {
            "p(95)": 58.57019239999998,
            "avg": 44.60079576162716,
            "min": 3.1173,
            "med": 30.723038,
            "max": 3086.848743,
            "p(90)": 46.257035200000004
        },
        "http_req_tls_handshaking": {
            "med": 0,
            "max": 27.682316,
            "p(90)": 4.0088366,
            "p(95)": 4.326544899999999,
            "avg": 1.2441667791198088,
            "min": 0
        },
        "data_received": {
            "count": 19243141,
            "rate": 160262.70619177696
        },
        "http_req_sending": {
            "avg": 0.3726123537414966,
            "min": 0.010416,
            "med": 0.073399,
            "max": 14.739316,
            "p(90)": 0.3749410000000001,
            "p(95)": 2.9546203999999996
        },
        "http_reqs": {
            "count": 7203,
            "rate": 59.98876548788836
        }
    },
    "root_group": {
        "checks": {
            "presign status 200": {
                "name": "presign status 200",
                "path": "::presign status 200",
                "id": "9923e38b12e510f59f89c291ba178283",
                "passes": 2401,
                "fails": 0
            },
            "upload status 200 or 204": {
                "name": "upload status 200 or 204",
                "path": "::upload status 200 or 204",
                "id": "3ee532388740beaa2464e0e2331a1ed9",
                "passes": 2401,
                "fails": 0
            },
            "create post status 200": {
                "passes": 0,
                "fails": 2401,
                "name": "create post status 200",
                "path": "::create post status 200",
                "id": "0bbe11d085fb78e4aed9072347469520"
            }
        },
        "name": "",
        "path": "",
        "id": "d41d8cd98f00b204e9800998ecf8427e",
        "groups": {}
    }
}