{
    "metrics": {
        "http_req_blocked": {
            "med": 0.005653,
            "max": 194.119949,
            "p(90)": 0.008297,
            "p(95)": 0.013317999999999986,
            "avg": 0.09431518708783466,
            "min": 0.00188
        },
        "http_req_waiting": {
            "avg": 23.537278474948664,
            "min": 2.285088,
            "med": 8.431778,
            "max": 5612.812199,
            "p(90)": 37.3186324,
            "p(95)": 59.35288039999992
        },
        "http_req_duration": {
            "avg": 24.256698087917275,
            "min": 2.475741,
            "med": 8.647819,
            "max": 5625.003519,
            "p(90)": 39.43610760000001,
            "p(95)": 62.44154779999999
        },
        "http_req_tls_handshaking": {
            "max": 40.89213,
            "p(90)": 0,
            "p(95)": 0,
            "avg": 0.05119178688415113,
            "min": 0,
            "med": 0
        },
        "http_req_failed": {
            "passes": 1,
            "fails": 59896,
            "value": 0.000016695326977978864
        },
        "dropped_iterations": {
            "count": 1584,
            "rate": 10.480026712633773
        },
        "iteration_duration": {
            "avg": 66521.64053220247,
            "min": 187.051706,
            "med": 59547.300377,
            "max": 122148.332507,
            "p(90)": 120822.4819886,
            "p(95)": 120981.6871196
        },
        "iterations": {
            "rate": 3.791070269153505,
            "count": 573
        },
        "http_req_connecting": {
            "avg": 0.031775531963203506,
            "min": 0,
            "med": 0,
            "max": 52.882565,
            "p(90)": 0,
            "p(95)": 0
        },
        "data_received": {
            "count": 54327573,
            "rate": 359440.9193639908
        },
        "vus": {
            "value": 155,
            "min": 17,
            "max": 480
        },
        "http_reqs": {
            "count": 59897,
            "rate": 396.289242428425
        },
        "create_post_duration": {
            "avg": 191.8866121052632,
            "min": 19.722482,
            "med": 34.812964,
            "max": 4168.249777,
            "p(90)": 180.82726119999995,
            "p(95)": 1140.0753969999955
        },
        "http_req_duration{expected_response:true}": {
            "p(90)": 39.431216500000005,
            "p(95)": 62.41965175,
            "avg": 24.255105912013843,
            "min": 2.475741,
            "med": 8.6478185,
            "max": 5625.003519
        },
        "data_sent": {
            "count": 127890663,
            "rate": 846147.452358866
        },
        "create_post_success": {
            "passes": 816,
            "fails": 1,
            "value": 0.9987760097919217
        },
        "vus_max": {
            "value": 480,
            "min": 160,
            "max": 480
        },
        "image_completion_success": {
            "passes": 382,
            "fails": 190,
            "value": 0.6678321678321678
        },
        "checks": {
            "passes": 2450,
            "fails": 1,
            "value": 0.9995920032639739
        },
        "http_req_receiving": {
            "p(95)": 1.0208606,
            "avg": 0.6492756303654555,
            "min": 0.017566,
            "med": 0.155871,
            "max": 183.495257,
            "p(90)": 0.43801080000000003
        },
        "http_req_sending": {
            "min": 0.005737,
            "med": 0.019104,
            "max": 77.785755,
            "p(90)": 0.0337868,
            "p(95)": 0.07337879999999991,
            "avg": 0.07014398260346837
        },
        "presign_duration": {
            "p(95)": 54.58370139999966,
            "avg": 23.17221145899634,
            "min": 2.475741,
            "med": 5.499883,
            "max": 1375.160163,
            "p(90)": 28.65406539999999
        },
        "image_upload_duration": {
            "min": 27.859453,
            "med": 38.494606,
            "max": 145.699116,
            "p(90)": 60.17525539999999,
            "p(95)": 66.62491999999999,
            "avg": 44.30344970869031
        },
        "image_completion_duration": {
            "p(90)": 74899.80000000006,
            "p(95)": 88290.75,
            "avg": 40011.92146596859,
            "min": 3731,
            "med": 37194.5,
            "max": 116805
        }
    },
    "root_group": {
        "name": "",
        "path": "",
        "id": "d41d8cd98f00b204e9800998ecf8427e",
        "groups": {},
        "checks": {
                "presign status 200": {
                    "name": "presign status 200",
                    "path": "::presign status 200",
                    "id": "9923e38b12e510f59f89c291ba178283",
                    "passes": 817,
                    "fails": 0
                },
                "upload status 200 or 204": {
                    "name": "upload status 200 or 204",
                    "path": "::upload status 200 or 204",
                    "id": "3ee532388740beaa2464e0e2331a1ed9",
                    "passes": 817,
                    "fails": 0
                },
                "create post status 200": {
                    "name": "create post status 200",
                    "path": "::create post status 200",
                    "id": "0bbe11d085fb78e4aed9072347469520",
                    "passes": 816,
                    "fails": 1
                }
            }
    }
}