{
    "root_group": {
        "groups": {},
        "checks": {
                "presign status 200": {
                    "name": "presign status 200",
                    "path": "::presign status 200",
                    "id": "9923e38b12e510f59f89c291ba178283",
                    "passes": 860,
                    "fails": 0
                },
                "upload status 200 or 204": {
                    "name": "upload status 200 or 204",
                    "path": "::upload status 200 or 204",
                    "id": "3ee532388740beaa2464e0e2331a1ed9",
                    "passes": 860,
                    "fails": 0
                },
                "create post status 200": {
                    "id": "0bbe11d085fb78e4aed9072347469520",
                    "passes": 841,
                    "fails": 19,
                    "name": "create post status 200",
                    "path": "::create post status 200"
                }
            },
        "name": "",
        "path": "",
        "id": "d41d8cd98f00b204e9800998ecf8427e"
    },
    "metrics": {
        "http_req_duration{expected_response:true}": {
            "med": 869.681007,
            "max": 4007.476847,
            "p(90)": 1460.9616048000003,
            "p(95)": 1575.4564014,
            "avg": 878.2296155507171,
            "min": 5.126199
        },
        "data_sent": {
            "count": 120155248,
            "rate": 790369.9410581578
        },
        "dropped_iterations": {
            "count": 1541,
            "rate": 10.136553329494365
        },
        "http_req_failed": {
            "passes": 899,
            "fails": 28459,
            "value": 0.030621976973908303
        },
        "image_completion_success": {
            "passes": 401,
            "fails": 11,
            "value": 0.9733009708737864
        },
        "http_reqs": {
            "count": 29358,
            "rate": 193.11416784379986
        },
        "http_req_duration": {
            "avg": 1037.0970616991574,
            "min": 0,
            "med": 871.844376,
            "max": 10001.549224,
            "p(90)": 1500.9419457000001,
            "p(95)": 1653.7328096499996
        },
        "iteration_duration": {
            "min": 979.104593,
            "med": 56761.942743,
            "max": 121156.628622,
            "p(90)": 95212.321935,
            "p(95)": 96338.921674,
            "avg": 52688.70790198607
        },
        "http_req_connecting": {
            "avg": 0.07495779879419572,
            "min": 0,
            "med": 0,
            "max": 39.613812,
            "p(90)": 0,
            "p(95)": 0
        },
        "http_req_waiting": {
            "avg": 1034.746663783608,
            "min": 0,
            "med": 870.290407,
            "max": 10001.465456,
            "p(90)": 1498.7048869999999,
            "p(95)": 1651.4068083499988
        },
        "http_req_receiving": {
            "p(90)": 5.175888,
            "p(95)": 11.209060549999995,
            "avg": 2.2824152736562344,
            "min": 0,
            "med": 0.3777805,
            "max": 209.798085
        },
        "http_req_tls_handshaking": {
            "avg": 0.10729431463314955,
            "min": 0,
            "med": 0,
            "max": 30.465418,
            "p(90)": 0,
            "p(95)": 0
        },
        "http_req_sending": {
            "avg": 0.06798264190339948,
            "min": 0,
            "med": 0.022204,
            "max": 63.32541,
            "p(90)": 0.038199899999999995,
            "p(95)": 0.09013744999999995
        },
        "vus": {
            "min": 18,
            "max": 480,
            "value": 313
        },
        "vus_max": {
            "max": 480,
            "value": 480,
            "min": 160
        },
        "create_post_success": {
            "passes": 841,
            "fails": 19,
            "value": 0.977906976744186
        },
        "create_post_duration": {
            "avg": 333.82524161744163,
            "min": 35.481261,
            "med": 261.5980365,
            "max": 2378.957909,
            "p(90)": 566.3420469000001,
            "p(95)": 774.9021072999999
        },
        "image_upload_duration": {
            "p(95)": 61.00120569999999,
            "avg": 41.08506491976742,
            "min": 26.724423,
            "med": 36.5889495,
            "max": 123.675511,
            "p(90)": 56.377484100000004
        },
        "data_received": {
            "rate": 183386.5037365733,
            "count": 27879161
        },
        "image_completion_duration": {
            "min": 5828,
            "med": 57758,
            "max": 100952,
            "p(90)": 91101,
            "p(95)": 95912,
            "avg": 53118.2668329177
        },
        "presign_duration": {
            "min": 5.126199,
            "med": 94.0323175,
            "max": 566.97199,
            "p(90)": 356.13565420000003,
            "p(95)": 396.34519795,
            "avg": 146.8258995151162
        },
        "checks": {
            "passes": 2561,
            "fails": 19,
            "value": 0.9926356589147287
        },
        "http_req_blocked": {
            "max": 43.788103,
            "p(90)": 0.009726299999999998,
            "p(95)": 1.0883208499999513,
            "avg": 0.19514887046120305,
            "min": 0,
            "med": 0.0062775
        },
        "iterations": {
            "count": 431,
            "rate": 2.835077537321266
        }
    }
}