{
    "metrics": {
        "image_upload_duration": {
            "avg": 42.26259047200001,
            "min": 25.525571,
            "med": 37.270554000000004,
            "max": 102.7729,
            "p(90)": 56.9148457,
            "p(95)": 64.12245904999999
        },
        "image_completion_success": {
            "passes": 0,
            "fails": 359,
            "value": 0
        },
        "http_reqs": {
            "count": 36109,
            "rate": 239.71299929975504
        },
        "http_req_receiving": {
            "min": 0.016388,
            "med": 0.346396,
            "max": 158.328165,
            "p(90)": 4.552450000000002,
            "p(95)": 10.120756599999995,
            "avg": 2.0251265520230324
        },
        "create_post_success": {
            "passes": 480,
            "fails": 20,
            "value": 0.96
        },
        "http_req_sending": {
            "min": 0.005339,
            "med": 0.020869,
            "max": 106.699524,
            "p(90)": 0.03234820000000001,
            "p(95)": 0.05923939999999991,
            "avg": 0.06171187609737184
        },
        "create_post_duration": {
            "med": 195.47481299999998,
            "max": 2207.240661,
            "p(90)": 460.7533647,
            "p(95)": 1223.081367649996,
            "avg": 300.1399210879998,
            "min": 34.560846
        },
        "http_req_tls_handshaking": {
            "avg": 0.04219942385554852,
            "min": 0,
            "med": 0,
            "max": 11.623243,
            "p(90)": 0,
            "p(95)": 0
        },
        "http_req_duration": {
            "p(95)": 1416.0191395999998,
            "avg": 631.0164380428407,
            "min": 6.109857,
            "med": 672.646919,
            "max": 4350.561873,
            "p(90)": 1106.4772548
        },
        "http_req_failed": {
            "passes": 20,
            "fails": 36089,
            "value": 0.0005538785344373979
        },
        "vus_max": {
            "value": 480,
            "min": 160,
            "max": 480
        },
        "iteration_duration": {
            "med": 120856.307104,
            "max": 123349.517923,
            "p(90)": 121444.7175726,
            "p(95)": 121639.8256232,
            "avg": 114634.54745626904,
            "min": 1019.135814
        },
        "http_req_connecting": {
            "avg": 0.037909598631920005,
            "min": 0,
            "med": 0,
            "max": 39.739872,
            "p(90)": 0,
            "p(95)": 0
        },
        "vus": {
            "value": 121,
            "min": 18,
            "max": 480
        },
        "presign_duration": {
            "p(95)": 234.01062189999982,
            "avg": 93.09175869399999,
            "min": 7.391401,
            "med": 69.37910099999999,
            "max": 420.784283,
            "p(90)": 212.00563420000003
        },
        "iterations": {
            "count": 379,
            "rate": 2.516027215780198
        },
        "dropped_iterations": {
            "count": 1901,
            "rate": 12.619967644322312
        },
        "checks": {
            "passes": 1480,
            "fails": 20,
            "value": 0.9866666666666667
        },
        "http_req_duration{expected_response:true}": {
            "min": 6.109857,
            "med": 672.262272,
            "max": 4350.561873,
            "p(90)": 1105.5795002,
            "p(95)": 1414.1492251999994,
            "avg": 630.4456488003804
        },
        "http_req_waiting": {
            "p(90)": 1104.5174182,
            "p(95)": 1415.2403769999999,
            "avg": 628.929599614719,
            "min": 5.890751,
            "med": 670.933616,
            "max": 4349.994322
        },
        "data_sent": {
            "count": 76468810,
            "rate": 507645.401367612
        },
        "data_received": {
            "count": 31950356,
            "rate": 212105.44920809008
        },
        "http_req_blocked": {
            "med": 0.006,
            "max": 53.100043,
            "p(90)": 0.008752,
            "p(95)": 0.016090999999999994,
            "avg": 0.0914856090171421,
            "min": 0.002026
        }
    },
    "root_group": {
        "checks": {
            "presign status 200": {
                "name": "presign status 200",
                "path": "::presign status 200",
                "id": "9923e38b12e510f59f89c291ba178283",
                "passes": 500,
                "fails": 0
            },
            "upload status 200 or 204": {
                "name": "upload status 200 or 204",
                "path": "::upload status 200 or 204",
                "id": "3ee532388740beaa2464e0e2331a1ed9",
                "passes": 500,
                "fails": 0
            },
            "create post status 200": {
                "id": "0bbe11d085fb78e4aed9072347469520",
                "passes": 480,
                "fails": 20,
                "name": "create post status 200",
                "path": "::create post status 200"
            }
        },
        "name": "",
        "path": "",
        "id": "d41d8cd98f00b204e9800998ecf8427e",
        "groups": {}
    }
}