{
    "metrics": {
        "create_post_success": {
            "passes": 1190,
            "fails": 11,
            "value": 0.9908409658617818
        },
        "http_req_duration": {
            "avg": 26.168289430608624,
            "min": 2.938584,
            "med": 10.5023025,
            "max": 2170.225543,
            "p(90)": 39.78625890000001,
            "p(95)": 53.996367749999976
        },
        "vus_max": {
            "value": 80,
            "min": 80,
            "max": 80
        },
        "data_sent": {
            "count": 156397054,
            "rate": 1284121.4881056051
        },
        "image_completion_duration": {
            "min": 1031,
            "med": 2048,
            "max": 7132,
            "p(90)": 2113,
            "p(95)": 2191.1499999999996,
            "avg": 1782.2613445378151
        },
        "http_req_blocked": {
            "p(95)": 5.441940649999999,
            "avg": 0.9679926570126395,
            "min": 0.002785,
            "med": 0.0069464999999999996,
            "max": 87.487289,
            "p(90)": 4.307997
        },
        "http_req_connecting": {
            "min": 0,
            "med": 0,
            "max": 37.422393,
            "p(90)": 1.3616081000000002,
            "p(95)": 1.4650071999999998,
            "avg": 0.25907962628638664
        },
        "http_req_tls_handshaking": {
            "avg": 0.6798593845927662,
            "min": 0,
            "med": 0,
            "max": 84.370419,
            "p(90)": 3.0129156000000012,
            "p(95)": 3.8833163499999994
        },
        "iteration_duration": {
            "avg": 1829.4315982339745,
            "min": 546.533778,
            "med": 2093.926171,
            "max": 7177.140807,
            "p(90)": 2179.574913,
            "p(95)": 2269.310595
        },
        "image_completion_success": {
            "passes": 1190,
            "fails": 0,
            "value": 1
        },
        "http_req_receiving": {
            "p(90)": 0.5060602000000005,
            "p(95)": 0.8499042999999992,
            "avg": 0.4665039672155256,
            "min": 0.036242,
            "med": 0.18737,
            "max": 60.092067
        },
        "iterations": {
            "count": 1201,
            "rate": 9.86099077809248
        },
        "checks": {
            "passes": 3592,
            "fails": 11,
            "value": 0.9969469886205939
        },
        "create_post_duration": {
            "min": 17.770704,
            "med": 25.758999,
            "max": 1419.828176,
            "p(90)": 47.55288,
            "p(95)": 68.226771,
            "avg": 41.962117658617764
        },
        "data_received": {
            "count": 12443038,
            "rate": 102165.43128181041
        },
        "http_reqs": {
            "rate": 55.848842025466325,
            "count": 6802
        },
        "http_req_waiting": {
            "med": 10.0246975,
            "max": 2156.339475,
            "p(90)": 38.25452570000003,
            "p(95)": 52.66506584999999,
            "avg": 25.42943096074682,
            "min": 2.794886
        },
        "vus": {
            "value": 9,
            "min": 9,
            "max": 29
        },
        "image_upload_duration": {
            "avg": 40.25527149791843,
            "min": 26.668861,
            "med": 36.562464,
            "max": 126.087098,
            "p(90)": 55.770086,
            "p(95)": 59.846761
        },
        "http_req_sending": {
            "p(95)": 2.3012342999999995,
            "avg": 0.27235450264628186,
            "min": 0.008306,
            "med": 0.030108,
            "max": 68.130621,
            "p(90)": 0.29715470000000005
        },
        "http_req_failed": {
            "passes": 11,
            "fails": 6791,
            "value": 0.001617171420170538
        },
        "presign_duration": {
            "p(90)": 11.132308,
            "p(95)": 18.219222,
            "avg": 7.503152471273938,
            "min": 2.938584,
            "med": 4.567665,
            "max": 280.188613
        },
        "http_req_duration{expected_response:true}": {
            "p(95)": 53.507073500000004,
            "avg": 24.5345152987778,
            "min": 2.938584,
            "med": 10.470853,
            "max": 2170.225543,
            "p(90)": 39.703418
        }
    },
    "root_group": {
        "path": "",
        "id": "d41d8cd98f00b204e9800998ecf8427e",
        "groups": {},
        "checks": {
                "presign status 200": {
                    "id": "9923e38b12e510f59f89c291ba178283",
                    "passes": 1201,
                    "fails": 0,
                    "name": "presign status 200",
                    "path": "::presign status 200"
                },
                "upload status 200 or 204": {
                    "name": "upload status 200 or 204",
                    "path": "::upload status 200 or 204",
                    "id": "3ee532388740beaa2464e0e2331a1ed9",
                    "passes": 1201,
                    "fails": 0
                },
                "create post status 200": {
                    "name": "create post status 200",
                    "path": "::create post status 200",
                    "id": "0bbe11d085fb78e4aed9072347469520",
                    "passes": 1190,
                    "fails": 11
                }
            },
        "name": ""
    }
}