{
    "root_group": {
        "name": "",
        "path": "",
        "id": "d41d8cd98f00b204e9800998ecf8427e",
        "groups": {},
        "checks": {
                "presign status 200": {
                    "fails": 0,
                    "name": "presign status 200",
                    "path": "::presign status 200",
                    "id": "9923e38b12e510f59f89c291ba178283",
                    "passes": 487
                },
                "upload status 200 or 204": {
                    "fails": 0,
                    "name": "upload status 200 or 204",
                    "path": "::upload status 200 or 204",
                    "id": "3ee532388740beaa2464e0e2331a1ed9",
                    "passes": 487
                },
                "create post status 200": {
                    "fails": 1,
                    "name": "create post status 200",
                    "path": "::create post status 200",
                    "id": "0bbe11d085fb78e4aed9072347469520",
                    "passes": 486
                }
            }
    },
    "metrics": {
        "checks": {
            "passes": 1460,
            "fails": 1,
            "value": 0.999315537303217
        },
        "http_req_connecting": {
            "avg": 0.030101971534282183,
            "min": 0,
            "med": 0,
            "max": 41.213326,
            "p(90)": 0,
            "p(95)": 0
        },
        "http_req_duration": {
            "avg": 14.41565084883828,
            "min": 2.907984,
            "med": 8.891916,
            "max": 2597.523504,
            "p(90)": 24.226148,
            "p(95)": 35.669404
        },
        "http_req_blocked": {
            "min": 0.002062,
            "med": 0.006459,
            "max": 71.470795,
            "p(90)": 0.008953,
            "p(95)": 0.012982,
            "avg": 0.09437141215292776
        },
        "http_req_tls_handshaking": {
            "avg": 0.05145828205726474,
            "min": 0,
            "med": 0,
            "max": 55.753822,
            "p(90)": 0,
            "p(95)": 0
        },
        "image_upload_duration": {
            "avg": 43.181764597535945,
            "min": 26.913158,
            "med": 37.321399,
            "max": 124.077946,
            "p(90)": 59.360670400000004,
            "p(95)": 64.0702704
        },
        "iterations": {
            "count": 355,
            "rate": 2.3582137717929696
        },
        "dropped_iterations": {
            "count": 714,
            "rate": 4.742998966366705
        },
        "http_req_failed": {
            "passes": 1,
            "fails": 30000,
            "value": 0.00003333222225925803
        },
        "data_received": {
            "count": 27283163,
            "rate": 181238.114717387
        },
        "http_req_sending": {
            "med": 0.022187,
            "max": 32.351455,
            "p(90)": 0.033691,
            "p(95)": 0.0612,
            "avg": 0.05320239382020625,
            "min": 0.006324
        },
        "create_post_duration": {
            "avg": 66.32143156057494,
            "min": 21.430305,
            "med": 32.963136,
            "max": 1770.092983,
            "p(90)": 80.67654240000002,
            "p(95)": 127.31240119999994
        },
        "iteration_duration": {
            "p(90)": 120758.6863666,
            "p(95)": 120843.2877179,
            "avg": 45883.57550072674,
            "min": 1019.168666,
            "med": 17329.97327,
            "max": 121407.729231
        },
        "http_req_receiving": {
            "max": 151.252742,
            "p(90)": 0.390193,
            "p(95)": 0.672872,
            "avg": 0.4013661715609514,
            "min": 0.020013,
            "med": 0.146523
        },
        "presign_duration": {
            "avg": 11.840631164271036,
            "min": 2.907984,
            "med": 5.934434,
            "max": 821.644206,
            "p(90)": 16.362597800000017,
            "p(95)": 25.588367399999992
        },
        "http_reqs": {
            "count": 30001,
            "rate": 199.2923137114391
        },
        "vus": {
            "value": 132,
            "min": 10,
            "max": 240
        },
        "create_post_success": {
            "passes": 486,
            "fails": 1,
            "value": 0.997946611909651
        },
        "image_completion_success": {
            "passes": 252,
            "fails": 102,
            "value": 0.711864406779661
        },
        "vus_max": {
            "max": 240,
            "value": 240,
            "min": 80
        },
        "data_sent": {
            "count": 73918036,
            "rate": 491026.84641996765
        },
        "image_completion_duration": {
            "avg": 15725.34126984127,
            "min": 1043,
            "med": 10202,
            "max": 116466,
            "p(90)": 37065.8,
            "p(95)": 48018.249999999985
        },
        "http_req_duration{expected_response:true}": {
            "p(95)": 35.663340149999996,
            "avg": 14.41181662743324,
            "min": 2.907984,
            "med": 8.891890499999999,
            "max": 2597.523504,
            "p(90)": 24.214368800000027
        },
        "http_req_waiting": {
            "avg": 13.961082283457259,
            "min": 2.679634,
            "med": 8.66148,
            "max": 2595.873233,
            "p(90)": 23.360379,
            "p(95)": 34.278322
        }
    }
}