{
    "root_group": {
        "name": "",
        "path": "",
        "id": "d41d8cd98f00b204e9800998ecf8427e",
        "groups": {},
        "checks": {
                "presign status 200": {
                    "id": "9923e38b12e510f59f89c291ba178283",
                    "passes": 1200,
                    "fails": 0,
                    "name": "presign status 200",
                    "path": "::presign status 200"
                },
                "upload status 200 or 204": {
                    "name": "upload status 200 or 204",
                    "path": "::upload status 200 or 204",
                    "id": "3ee532388740beaa2464e0e2331a1ed9",
                    "passes": 1200,
                    "fails": 0
                },
                "create post status 200": {
                    "passes": 1186,
                    "fails": 14,
                    "name": "create post status 200",
                    "path": "::create post status 200",
                    "id": "0bbe11d085fb78e4aed9072347469520"
                }
            }
    },
    "metrics": {
        "data_sent": {
            "count": 156265700,
            "rate": 1284092.6523390813
        },
        "data_received": {
            "count": 12438217,
            "rate": 102209.39757028606
        },
        "http_req_waiting": {
            "avg": 26.75477839481814,
            "min": 2.74279,
            "med": 9.692952,
            "max": 2126.006424,
            "p(90)": 40.351580000000006,
            "p(95)": 54.955383999999995
        },
        "iteration_duration": {
            "max": 8135.71801,
            "p(90)": 2164.3034915,
            "p(95)": 2246.2741872,
            "avg": 1835.1984608658313,
            "min": 655.942115,
            "med": 2094.1962255
        },
        "image_completion_duration": {
            "med": 2049,
            "max": 8096,
            "p(90)": 2101.5,
            "p(95)": 2171.25,
            "avg": 1787.893760539629,
            "min": 1032
        },
        "image_completion_success": {
            "passes": 1186,
            "fails": 0,
            "value": 1
        },
        "presign_duration": {
            "avg": 7.490773193333328,
            "min": 2.877503,
            "med": 4.5944075,
            "max": 313.36663,
            "p(90)": 9.957277500000016,
            "p(95)": 17.078227549999994
        },
        "vus_max": {
            "value": 80,
            "min": 80,
            "max": 80
        },
        "create_post_success": {
            "passes": 1186,
            "fails": 14,
            "value": 0.9883333333333333
        },
        "http_req_connecting": {
            "max": 36.663505,
            "p(90)": 1.3042952000000005,
            "p(95)": 1.5274298,
            "avg": 0.2312663036949802,
            "min": 0,
            "med": 0
        },
        "http_req_tls_handshaking": {
            "max": 51.372734,
            "p(90)": 3.2857436000000013,
            "p(95)": 3.937975,
            "avg": 0.6631506029736494,
            "min": 0,
            "med": 0
        },
        "create_post_duration": {
            "avg": 48.26449806750008,
            "min": 17.969669,
            "med": 26.034533,
            "max": 1811.784727,
            "p(90)": 47.85001200000002,
            "p(95)": 70.25987924999998
        },
        "http_req_duration": {
            "min": 2.877503,
            "med": 10.18886,
            "max": 2127.17906,
            "p(90)": 41.2854064,
            "p(95)": 56.02262379999997,
            "avg": 27.34993873178277
        },
        "checks": {
            "passes": 3586,
            "fails": 14,
            "value": 0.9961111111111111
        },
        "vus": {
            "min": 7,
            "max": 39,
            "value": 7
        },
        "image_upload_duration": {
            "avg": 40.169574969166604,
            "min": 26.519713,
            "med": 36.019441,
            "max": 118.075385,
            "p(90)": 56.203031100000004,
            "p(95)": 60.28699429999999
        },
        "http_req_blocked": {
            "p(90)": 3.947912,
            "p(95)": 5.609272799999999,
            "avg": 0.9212800743412317,
            "min": 0.002923,
            "med": 0.00706,
            "max": 66.149681
        },
        "http_req_sending": {
            "avg": 0.0924160064772556,
            "min": 0.009667,
            "med": 0.029676,
            "max": 38.868705,
            "p(90)": 0.2587434,
            "p(95)": 0.2922452
        },
        "http_req_receiving": {
            "min": 0.032067,
            "med": 0.198163,
            "max": 76.138489,
            "p(90)": 0.49077460000000006,
            "p(95)": 0.8235337999999998,
            "avg": 0.5027443304872665
        },
        "iterations": {
            "count": 1200,
            "rate": 9.860840752685315
        },
        "http_reqs": {
            "count": 6793,
            "rate": 55.820576027492784
        },
        "http_req_failed": {
            "passes": 14,
            "fails": 6779,
            "value": 0.0020609450905343736
        },
        "http_req_duration{expected_response:true}": {
            "p(95)": 55.45273549999999,
            "avg": 24.825727672813077,
            "min": 2.877503,
            "med": 10.131453,
            "max": 2127.17906,
            "p(90)": 40.957679999999996
        }
    }
}