{
    "root_group": {
        "path": "",
        "id": "d41d8cd98f00b204e9800998ecf8427e",
        "groups": {},
        "checks": {
                "presign status 200": {
                    "name": "presign status 200",
                    "path": "::presign status 200",
                    "id": "9923e38b12e510f59f89c291ba178283",
                    "passes": 2575,
                    "fails": 0
                },
                "upload status 200 or 204": {
                    "name": "upload status 200 or 204",
                    "path": "::upload status 200 or 204",
                    "id": "3ee532388740beaa2464e0e2331a1ed9",
                    "passes": 2574,
                    "fails": 1
                },
                "create post status 200": {
                    "name": "create post status 200",
                    "path": "::create post status 200",
                    "id": "0bbe11d085fb78e4aed9072347469520",
                    "passes": 2574,
                    "fails": 0
                }
            },
        "name": ""
    },
    "metrics": {
        "http_req_failed": {
            "passes": 1,
            "fails": 43125,
            "value": 0.000023187868107406205
        },
        "vus": {
            "max": 480,
            "value": 1,
            "min": 1
        },
        "create_post_duration": {
            "avg": 59.75145961149962,
            "min": 21.397772,
            "med": 43.1027555,
            "max": 1343.296906,
            "p(90)": 102.84324530000005,
            "p(95)": 131.00240749999998
        },
        "iterations": {
            "count": 2575,
            "rate": 14.510547823988349
        },
        "http_req_sending": {
            "p(90)": 0.0607515,
            "p(95)": 0.2340415,
            "avg": 0.05632226148958872,
            "min": 0.006157,
            "med": 0.019873,
            "max": 41.43096
        },
        "http_req_receiving": {
            "min": 0,
            "med": 0.18117450000000002,
            "max": 215.3444,
            "p(90)": 3.1689415,
            "p(95)": 8.274076,
            "avg": 1.6308912582896735
        },
        "iteration_duration": {
            "avg": 13947.75746465089,
            "min": 6.377589,
            "med": 10430.441713,
            "max": 48555.577947,
            "p(90)": 32850.345188399995,
            "p(95)": 37387.9000379
        },
        "image_completion_success": {
            "passes": 2574,
            "fails": 0,
            "value": 1
        },
        "create_post_success": {
            "passes": 2574,
            "fails": 0,
            "value": 1
        },
        "http_req_duration{expected_response:true}": {
            "avg": 70.62848211895636,
            "min": 2.899613,
            "med": 42.379679,
            "max": 1446.570547,
            "p(90)": 168.71149739999998,
            "p(95)": 222.62977759999998
        },
        "dropped_iterations": {
            "count": 424,
            "rate": 2.3893096222800234
        },
        "http_reqs": {
            "count": 43126,
            "rate": 243.02209143973653
        },
        "vus_max": {
            "max": 480,
            "value": 480,
            "min": 160
        },
        "http_req_waiting": {
            "avg": 68.93964502562281,
            "min": 0.40058,
            "med": 40.2211755,
            "max": 1442.333543,
            "p(90)": 166.564296,
            "p(95)": 220.68770874999998
        },
        "http_req_blocked": {
            "max": 75.083129,
            "p(90)": 0.0110645,
            "p(95)": 1.9218847499999998,
            "avg": 0.2981210640680777,
            "min": 0.001934,
            "med": 0.005436
        },
        "image_upload_duration": {
            "avg": 39.32950825359221,
            "min": 0.610249,
            "med": 35.9939,
            "max": 141.818113,
            "p(90)": 53.176805,
            "p(95)": 60.07915209999995
        },
        "http_req_connecting": {
            "avg": 0.10050606875202878,
            "min": 0,
            "med": 0,
            "max": 41.074247,
            "p(90)": 0,
            "p(95)": 0.64699975
        },
        "presign_duration": {
            "avg": 14.008236386019412,
            "min": 2.899613,
            "med": 5.963632,
            "max": 360.845579,
            "p(90)": 34.663151199999994,
            "p(95)": 54.010612899999984
        },
        "checks": {
            "passes": 7723,
            "fails": 1,
            "value": 0.9998705334023822
        },
        "image_completion_duration": {
            "avg": 13894.444444444445,
            "min": 1041,
            "med": 10379.5,
            "max": 48507,
            "p(90)": 32789.50000000001,
            "p(95)": 37335.4
        },
        "data_received": {
            "count": 46961173,
            "rate": 264633.9210435303
        },
        "data_sent": {
            "count": 344133672,
            "rate": 1939249.7496701826
        },
        "http_req_duration": {
            "min": 0.610249,
            "med": 42.379552000000004,
            "max": 1446.570547,
            "p(90)": 168.71090199999998,
            "p(95)": 222.62961525,
            "avg": 70.62685854540169
        },
        "http_req_tls_handshaking": {
            "p(95)": 0,
            "avg": 0.18312696976302048,
            "min": 0,
            "med": 0,
            "max": 43.840239,
            "p(90)": 0
        }
    }
}