{
    "root_group": {
        "id": "d41d8cd98f00b204e9800998ecf8427e",
        "groups": {},
        "checks": {
                "presign status 200": {
                    "name": "presign status 200",
                    "path": "::presign status 200",
                    "id": "9923e38b12e510f59f89c291ba178283",
                    "passes": 2507,
                    "fails": 0
                },
                "upload status 200 or 204": {
                    "name": "upload status 200 or 204",
                    "path": "::upload status 200 or 204",
                    "id": "3ee532388740beaa2464e0e2331a1ed9",
                    "passes": 2506,
                    "fails": 1
                },
                "create post status 200": {
                    "name": "create post status 200",
                    "path": "::create post status 200",
                    "id": "0bbe11d085fb78e4aed9072347469520",
                    "passes": 2506,
                    "fails": 0
                }
            },
        "name": "",
        "path": ""
    },
    "metrics": {
        "create_post_success": {
            "passes": 2506,
            "fails": 0,
            "value": 1
        },
        "iteration_duration": {
            "med": 11458.5415765,
            "max": 60609.471316,
            "p(90)": 34330.422426,
            "p(95)": 37943.36232675,
            "avg": 14867.530606248221,
            "min": 7.589558
        },
        "http_req_tls_handshaking": {
            "avg": 0.1556108312418567,
            "min": 0,
            "med": 0,
            "max": 101.35408,
            "p(90)": 0,
            "p(95)": 0
        },
        "http_req_duration": {
            "min": 1.478221,
            "med": 45.908266,
            "max": 1665.260096,
            "p(90)": 203.76000020000004,
            "p(95)": 253.49587279999992,
            "avg": 80.65343365217561
        },
        "http_req_connecting": {
            "max": 40.448468,
            "p(90)": 0,
            "p(95)": 0.37869699999999845,
            "avg": 0.07935394930169827,
            "min": 0,
            "med": 0
        },
        "checks": {
            "passes": 7519,
            "fails": 1,
            "value": 0.9998670212765958
        },
        "data_received": {
            "count": 47409770,
            "rate": 263384.75092830585
        },
        "http_req_sending": {
            "min": 0.00616,
            "med": 0.019753,
            "max": 41.797497,
            "p(90)": 0.051503400000000095,
            "p(95)": 0.25051879999999965,
            "avg": 0.11574989389471706
        },
        "presign_duration": {
            "avg": 15.783981098125267,
            "min": 2.917588,
            "med": 6.187532,
            "max": 300.329957,
            "p(90)": 36.20738600000002,
            "p(95)": 62.829982799999954
        },
        "create_post_duration": {
            "med": 41.4915355,
            "max": 1460.273066,
            "p(90)": 127.05125899999999,
            "p(95)": 172.42091325,
            "avg": 71.70525659177967,
            "min": 22.945219
        },
        "vus_max": {
            "value": 480,
            "min": 160,
            "max": 480
        },
        "dropped_iterations": {
            "count": 492,
            "rate": 2.7333036514778803
        },
        "http_req_failed": {
            "fails": 43748,
            "passes": 1,
            "value": 0.000022857665318064413
        },
        "image_upload_duration": {
            "avg": 41.86779005823693,
            "min": 1.478221,
            "med": 37.064658,
            "max": 163.716206,
            "p(90)": 56.35567480000001,
            "p(95)": 71.67846879999996
        },
        "iterations": {
            "count": 2506,
            "rate": 13.922071037812131
        },
        "http_req_receiving": {
            "avg": 1.5646614917826853,
            "min": 0,
            "med": 0.186073,
            "max": 248.511037,
            "p(90)": 3.1252090000000017,
            "p(95)": 7.829857399999999
        },
        "data_sent": {
            "count": 335729263,
            "rate": 1865142.3180200767
        },
        "image_completion_duration": {
            "min": 1042,
            "med": 11401,
            "max": 60551,
            "p(90)": 34265.399999999994,
            "p(95)": 37843.59999999999,
            "avg": 14811.024750499002
        },
        "image_completion_success": {
            "passes": 2505,
            "fails": 0,
            "value": 1
        },
        "vus": {
            "value": 1,
            "min": 1,
            "max": 480
        },
        "http_reqs": {
            "rate": 243.0473606676947,
            "count": 43749
        },
        "http_req_blocked": {
            "p(90)": 0.010779000000000044,
            "p(95)": 1.6495663999999992,
            "avg": 0.24880226092025096,
            "min": 0.002034,
            "med": 0.005451,
            "max": 105.298823
        },
        "http_req_duration{expected_response:true}": {
            "avg": 80.65524345405574,
            "min": 2.917588,
            "med": 45.909003,
            "max": 1665.260096,
            "p(90)": 203.7604698,
            "p(95)": 253.49825795000007
        },
        "http_req_waiting": {
            "avg": 78.97302226649751,
            "min": 1.27358,
            "med": 43.556302,
            "max": 1664.474945,
            "p(90)": 201.19663980000007,
            "p(95)": 251.417972
        }
    }
}