{
    "root_group": {
        "id": "d41d8cd98f00b204e9800998ecf8427e",
        "groups": {},
        "checks": {
                "presign status 200": {
                    "fails": 0,
                    "name": "presign status 200",
                    "path": "::presign status 200",
                    "id": "9923e38b12e510f59f89c291ba178283",
                    "passes": 2385
                },
                "upload status 200 or 204": {
                    "name": "upload status 200 or 204",
                    "path": "::upload status 200 or 204",
                    "id": "3ee532388740beaa2464e0e2331a1ed9",
                    "passes": 2385,
                    "fails": 0
                },
                "create post status 200": {
                    "name": "create post status 200",
                    "path": "::create post status 200",
                    "id": "0bbe11d085fb78e4aed9072347469520",
                    "passes": 2385,
                    "fails": 0
                }
            },
        "name": "",
        "path": ""
    },
    "metrics": {
        "iterations": {
            "count": 2385,
            "rate": 13.261744841932684
        },
        "image_completion_duration": {
            "avg": 15991.400419287213,
            "min": 1043,
            "med": 14562,
            "max": 43385,
            "p(90)": 34895.4,
            "p(95)": 36787.399999999994
        },
        "http_req_connecting": {
            "min": 0,
            "med": 0,
            "max": 113.000841,
            "p(90)": 0,
            "p(95)": 0.3682972000000001,
            "avg": 0.08498514954254721
        },
        "http_req_sending": {
            "med": 0.021525,
            "max": 59.846396,
            "p(90)": 0.05958440000000007,
            "p(95)": 0.2522592,
            "avg": 0.06494022292391952,
            "min": 0.006112
        },
        "http_req_failed": {
            "passes": 0,
            "fails": 37053,
            "value": 0
        },
        "dropped_iterations": {
            "count": 614,
            "rate": 3.4141347307952485
        },
        "http_reqs": {
            "count": 37053,
            "rate": 206.03246609145984
        },
        "http_req_tls_handshaking": {
            "min": 0,
            "med": 0,
            "max": 67.647236,
            "p(90)": 0,
            "p(95)": 1.9020560000000037,
            "avg": 0.19164254813375442
        },
        "vus": {
            "value": 1,
            "min": 1,
            "max": 480
        },
        "http_req_waiting": {
            "max": 2471.392294,
            "p(90)": 767.6452702,
            "p(95)": 886.315776,
            "avg": 288.7346705839201,
            "min": 3.056927,
            "med": 137.754419
        },
        "iteration_duration": {
            "p(95)": 36885.5580012,
            "avg": 16066.306159768992,
            "min": 1081.062415,
            "med": 14630.731707,
            "max": 43534.04264,
            "p(90)": 35029.181401600006
        },
        "http_req_duration": {
            "avg": 290.4755235404161,
            "min": 3.298419,
            "med": 140.172656,
            "max": 2471.568521,
            "p(90)": 769.3784476000004,
            "p(95)": 887.2889436
        },
        "http_req_blocked": {
            "min": 0.002133,
            "med": 0.005812,
            "max": 182.807813,
            "p(90)": 0.012704000000000043,
            "p(95)": 2.3410616,
            "avg": 0.2923072291312431
        },
        "http_req_receiving": {
            "p(95)": 7.99694200000001,
            "avg": 1.6759127335708226,
            "min": 0.016261,
            "med": 0.249883,
            "max": 159.14246,
            "p(90)": 2.940007200000006
        },
        "data_sent": {
            "count": 317927161,
            "rate": 1767827.625787024
        },
        "presign_duration": {
            "avg": 32.353402056603834,
            "min": 3.298419,
            "med": 9.766022,
            "max": 365.621728,
            "p(90)": 101.97048619999995,
            "p(95)": 145.0613286
        },
        "image_upload_duration": {
            "p(95)": 57.483373,
            "avg": 37.493997150104754,
            "min": 25.027583,
            "med": 34.470748,
            "max": 172.279374,
            "p(90)": 51.152143999999986
        },
        "data_received": {
            "count": 41572440,
            "rate": 231162.72190211993
        },
        "image_completion_success": {
            "passes": 2385,
            "fails": 0,
            "value": 1
        },
        "vus_max": {
            "max": 480,
            "value": 480,
            "min": 160
        },
        "http_req_duration{expected_response:true}": {
            "p(90)": 769.3784476000004,
            "p(95)": 887.2889436,
            "avg": 290.4755235404161,
            "min": 3.298419,
            "med": 140.172656,
            "max": 2471.568521
        },
        "create_post_duration": {
            "max": 1450.609005,
            "p(90)": 182.10403179999997,
            "p(95)": 237.40233399999943,
            "avg": 86.07095098197068,
            "min": 25.878758,
            "med": 51.655831
        },
        "checks": {
            "passes": 7155,
            "fails": 0,
            "value": 1
        },
        "create_post_success": {
            "passes": 2385,
            "fails": 0,
            "value": 1
        }
    }
}