{
    "root_group": {
        "name": "",
        "path": "",
        "id": "d41d8cd98f00b204e9800998ecf8427e",
        "groups": {},
        "checks": {
                "presign status 200": {
                    "path": "::presign status 200",
                    "id": "9923e38b12e510f59f89c291ba178283",
                    "passes": 1962,
                    "fails": 0,
                    "name": "presign status 200"
                },
                "upload status 200 or 204": {
                    "fails": 0,
                    "name": "upload status 200 or 204",
                    "path": "::upload status 200 or 204",
                    "id": "3ee532388740beaa2464e0e2331a1ed9",
                    "passes": 1962
                },
                "create post status 200": {
                    "id": "0bbe11d085fb78e4aed9072347469520",
                    "passes": 1962,
                    "fails": 0,
                    "name": "create post status 200",
                    "path": "::create post status 200"
                }
            }
    },
    "metrics": {
        "http_req_blocked": {
            "p(95)": 5.214027199999995,
            "avg": 0.43448917973263657,
            "min": 0.002155,
            "med": 0.006327,
            "max": 57.861182,
            "p(90)": 0.017303800000000008
        },
        "data_sent": {
            "count": 261635490,
            "rate": 1741571.9904078622
        },
        "http_req_duration{expected_response:true}": {
            "min": 5.267029,
            "med": 877.697696,
            "max": 4891.04819,
            "p(90)": 1382.1932716,
            "p(95)": 1488.7827483999997,
            "avg": 794.30352867295
        },
        "http_reqs": {
            "count": 29249,
            "rate": 194.69544879954768
        },
        "http_req_receiving": {
            "p(90)": 4.663100400000005,
            "p(95)": 11.80183599999998,
            "avg": 2.611583007350679,
            "min": 0.024548,
            "med": 0.445335,
            "max": 344.243171
        },
        "presign_duration": {
            "p(95)": 377.23417749999976,
            "avg": 102.83350658715612,
            "min": 5.267029,
            "med": 49.246669,
            "max": 556.673835,
            "p(90)": 301.83664060000007
        },
        "image_completion_duration": {
            "avg": 22239.136743215033,
            "min": 4685,
            "med": 20808.5,
            "max": 49092,
            "p(90)": 38863.5,
            "p(95)": 42421
        },
        "data_received": {
            "rate": 232141.70925876562,
            "count": 34874533
        },
        "http_req_duration": {
            "avg": 794.30352867295,
            "min": 5.267029,
            "med": 877.697696,
            "max": 4891.04819,
            "p(90)": 1382.1932716,
            "p(95)": 1488.7827483999997
        },
        "vus_max": {
            "value": 480,
            "min": 160,
            "max": 480
        },
        "image_upload_duration": {
            "med": 36.809442,
            "max": 149.592731,
            "p(90)": 55.64272550000001,
            "p(95)": 60.63680839999998,
            "avg": 40.15404634658511,
            "min": 27.291405
        },
        "http_req_tls_handshaking": {
            "avg": 0.2727125500700885,
            "min": 0,
            "med": 0,
            "max": 41.818647,
            "p(90)": 0,
            "p(95)": 3.7256433999999876
        },
        "image_completion_success": {
            "passes": 1916,
            "fails": 1,
            "value": 0.9994783515910276
        },
        "http_req_waiting": {
            "avg": 791.6198513949532,
            "min": 4.785779,
            "med": 875.413762,
            "max": 4889.997882,
            "p(90)": 1380.736154,
            "p(95)": 1486.0362407999996
        },
        "http_req_sending": {
            "avg": 0.07209427064173199,
            "min": 0.006476,
            "med": 0.023636,
            "max": 43.052898,
            "p(90)": 0.056354400000000006,
            "p(95)": 0.24567959999999997
        },
        "iterations": {
            "count": 1917,
            "rate": 12.760476438467396
        },
        "vus": {
            "value": 46,
            "min": 18,
            "max": 480
        },
        "create_post_success": {
            "passes": 1962,
            "fails": 0,
            "value": 1
        },
        "dropped_iterations": {
            "count": 438,
            "rate": 2.915539217552801
        },
        "http_req_connecting": {
            "med": 0,
            "max": 57.778543,
            "p(90)": 0,
            "p(95)": 1.4378829999999998,
            "avg": 0.14650233891756992,
            "min": 0
        },
        "http_req_failed": {
            "passes": 0,
            "fails": 29249,
            "value": 0
        },
        "checks": {
            "passes": 5886,
            "fails": 0,
            "value": 1
        },
        "iteration_duration": {
            "p(90)": 39119.412707,
            "p(95)": 42536.500630799994,
            "avg": 22377.605433815846,
            "min": 4763.92734,
            "med": 20931.674064,
            "max": 49312.69992
        },
        "create_post_duration": {
            "p(95)": 612.4243046999999,
            "avg": 285.2501698674816,
            "min": 36.466643,
            "med": 202.571238,
            "max": 3072.592436,
            "p(90)": 491.44689360000007
        }
    }
}