{
    "root_group": {
        "groups": {},
        "checks": {
                "presign status 200": {
                    "path": "::presign status 200",
                    "id": "9923e38b12e510f59f89c291ba178283",
                    "passes": 2210,
                    "fails": 0,
                    "name": "presign status 200"
                },
                "upload status 200 or 204": {
                    "name": "upload status 200 or 204",
                    "path": "::upload status 200 or 204",
                    "id": "3ee532388740beaa2464e0e2331a1ed9",
                    "passes": 2209,
                    "fails": 1
                },
                "create post status 200": {
                    "id": "0bbe11d085fb78e4aed9072347469520",
                    "passes": 2209,
                    "fails": 0,
                    "name": "create post status 200",
                    "path": "::create post status 200"
                }
            },
        "name": "",
        "path": "",
        "id": "d41d8cd98f00b204e9800998ecf8427e"
    },
    "metrics": {
        "presign_duration": {
            "max": 442.578916,
            "p(90)": 84.46381020000004,
            "p(95)": 119.97301339999987,
            "avg": 36.82337227918547,
            "min": 4.1773,
            "med": 20.2619855
        },
        "vus": {
            "value": 10,
            "min": 10,
            "max": 351
        },
        "create_post_duration": {
            "avg": 184.16430111226768,
            "min": 28.370837,
            "med": 121.763727,
            "max": 3067.917747,
            "p(90)": 287.3606254,
            "p(95)": 378.69829919999995
        },
        "iterations": {
            "count": 2210,
            "rate": 15.497096865754825
        },
        "http_req_tls_handshaking": {
            "p(95)": 2.4829782500000004,
            "avg": 0.2305078964368026,
            "min": 0,
            "med": 0,
            "max": 22.372473,
            "p(90)": 0
        },
        "http_req_waiting": {
            "avg": 232.15394195306135,
            "min": 0.319233,
            "med": 180.616652,
            "max": 4694.344791,
            "p(90)": 457.79327950000004,
            "p(95)": 541.8085715
        },
        "http_req_duration": {
            "med": 183.9630585,
            "max": 4702.844012,
            "p(90)": 459.73482,
            "p(95)": 544.4596700000001,
            "avg": 234.79657041372295,
            "min": 0.518636
        },
        "http_req_sending": {
            "med": 0.022144499999999998,
            "max": 31.65521,
            "p(90)": 0.057136,
            "p(95)": 0.2428115,
            "avg": 0.059757806951971255,
            "min": 0.006375
        },
        "http_req_failed": {
            "passes": 1,
            "fails": 32105,
            "value": 0.000031146826138416496
        },
        "data_received": {
            "count": 38034982,
            "rate": 266711.22187386476
        },
        "vus_max": {
            "value": 351,
            "min": 160,
            "max": 351
        },
        "http_req_receiving": {
            "p(90)": 5.0277639999999995,
            "p(95)": 12.203092,
            "avg": 2.5828706537095876,
            "min": 0,
            "med": 0.38060499999999997,
            "max": 367.268365
        },
        "image_upload_duration": {
            "avg": 37.93032755882361,
            "min": 0.518636,
            "med": 35.3795435,
            "max": 105.025863,
            "p(90)": 50.3371094,
            "p(95)": 56.00332354999999
        },
        "data_sent": {
            "count": 294220182,
            "rate": 2063148.7150742146
        },
        "iteration_duration": {
            "avg": 13955.934921685986,
            "min": 17.273184,
            "med": 13061.6271745,
            "max": 33419.256357,
            "p(90)": 23592.519529,
            "p(95)": 26306.470626849998
        },
        "dropped_iterations": {
            "count": 191,
            "rate": 1.3393418558186296
        },
        "http_reqs": {
            "count": 32106,
            "rate": 225.1356524759839
        },
        "checks": {
            "passes": 6628,
            "fails": 1,
            "value": 0.9998491476844169
        },
        "image_completion_duration": {
            "med": 13004,
            "max": 33357,
            "p(90)": 23531,
            "p(95)": 26239.799999999996,
            "avg": 13881.842009959257,
            "min": 2277
        },
        "http_req_duration{expected_response:true}": {
            "p(95)": 544.4652285999999,
            "avg": 234.80386765510008,
            "min": 4.1773,
            "med": 183.963844,
            "max": 4702.844012,
            "p(90)": 459.74518540000025
        },
        "create_post_success": {
            "passes": 2209,
            "fails": 0,
            "value": 1
        },
        "image_completion_success": {
            "passes": 2209,
            "fails": 0,
            "value": 1
        },
        "http_req_blocked": {
            "avg": 0.3581096424032914,
            "min": 0.002196,
            "med": 0.005842,
            "max": 39.437069,
            "p(90)": 0.0163745,
            "p(95)": 3.1543324999999998
        },
        "http_req_connecting": {
            "max": 39.35003,
            "p(90)": 0,
            "p(95)": 1.34681475,
            "avg": 0.11309105830685828,
            "min": 0,
            "med": 0
        }
    }
}