{
    "root_group": {
        "checks": {
            "presign status 200": {
                "path": "::presign status 200",
                "id": "9923e38b12e510f59f89c291ba178283",
                "passes": 1201,
                "fails": 0,
                "name": "presign status 200"
            },
            "upload status 200 or 204": {
                "passes": 1201,
                "fails": 0,
                "name": "upload status 200 or 204",
                "path": "::upload status 200 or 204",
                "id": "3ee532388740beaa2464e0e2331a1ed9"
            },
            "create post status 200": {
                "path": "::create post status 200",
                "id": "0bbe11d085fb78e4aed9072347469520",
                "passes": 1201,
                "fails": 0,
                "name": "create post status 200"
            }
        },
        "name": "",
        "path": "",
        "id": "d41d8cd98f00b204e9800998ecf8427e",
        "groups": {}
    },
    "metrics": {
        "vus": {
            "value": 2,
            "min": 2,
            "max": 50
        },
        "vus_max": {
            "value": 80,
            "min": 80,
            "max": 80
        },
        "presign_duration": {
            "p(90)": 10.595503,
            "p(95)": 23.14445,
            "avg": 8.192938594504584,
            "min": 3.230616,
            "med": 4.619014,
            "max": 250.781343
        },
        "image_completion_success": {
            "fails": 0,
            "passes": 1201,
            "value": 1
        },
        "create_post_success": {
            "passes": 1201,
            "fails": 0,
            "value": 1
        },
        "data_received": {
            "count": 11808071,
            "rate": 97498.5593957764
        },
        "http_req_failed": {
            "fails": 6008,
            "passes": 0,
            "value": 0
        },
        "http_req_duration{expected_response:true}": {
            "max": 2461.019398,
            "p(90)": 48.219773700000005,
            "p(95)": 62.717870249999976,
            "avg": 40.47779524500656,
            "min": 3.230616,
            "med": 12.038243999999999
        },
        "http_req_waiting": {
            "min": 3.040404,
            "med": 11.468086,
            "max": 2457.655346,
            "p(90)": 46.8841343,
            "p(95)": 60.846131899999946,
            "avg": 39.791014804427384
        },
        "http_req_tls_handshaking": {
            "max": 34.903177,
            "p(90)": 3.7666739000000002,
            "p(95)": 3.9372406499999997,
            "avg": 0.7113937285286281,
            "min": 0,
            "med": 0
        },
        "http_req_receiving": {
            "max": 132.083599,
            "p(90)": 0.47449470000000005,
            "p(95)": 0.7899002999999992,
            "avg": 0.5109368908122499,
            "min": 0.036953,
            "med": 0.1984835
        },
        "create_post_duration": {
            "avg": 56.52328389342219,
            "min": 21.976613,
            "med": 30.845794,
            "max": 1706.957795,
            "p(90)": 60.83155,
            "p(95)": 91.077346
        },
        "iteration_duration": {
            "max": 5625.620321,
            "p(90)": 1163.522201,
            "p(95)": 1511.372609,
            "avg": 1212.2709890774356,
            "min": 1077.107051,
            "med": 1099.219713
        },
        "checks": {
            "passes": 3603,
            "fails": 0,
            "value": 1
        },
        "data_sent": {
            "count": 156128688,
            "rate": 1289145.5480198793
        },
        "http_req_duration": {
            "avg": 40.47779524500656,
            "min": 3.230616,
            "med": 12.038243999999999,
            "max": 2461.019398,
            "p(90)": 48.219773700000005,
            "p(95)": 62.717870249999976
        },
        "http_req_blocked": {
            "avg": 1.039811698568573,
            "min": 0.0026,
            "med": 0.0068115,
            "max": 44.397807,
            "p(90)": 5.2891877,
            "p(95)": 5.614459149999999
        },
        "http_req_sending": {
            "p(90)": 0.2715656,
            "p(95)": 0.62003285,
            "avg": 0.1758435497669774,
            "min": 0.009134,
            "med": 0.030522,
            "max": 19.518578
        },
        "iterations": {
            "count": 1201,
            "rate": 9.916587547138517
        },
        "image_completion_duration": {
            "avg": 1156.8992506244797,
            "min": 1036,
            "med": 1049,
            "max": 5324,
            "p(90)": 1104,
            "p(95)": 1424
        },
        "http_reqs": {
            "count": 6008,
            "rate": 49.607708562205005
        },
        "http_req_connecting": {
            "med": 0,
            "max": 40.480144,
            "p(90)": 1.3846671000000002,
            "p(95)": 1.54855575,
            "avg": 0.29514235219707036,
            "min": 0
        },
        "image_upload_duration": {
            "max": 105.895459,
            "p(90)": 55.880793,
            "p(95)": 60.1902,
            "avg": 41.297193144879294,
            "min": 27.439135,
            "med": 37.618277
        }
    }
}