{
    "metrics": {
        "iterations": {
            "count": 1201,
            "rate": 9.917170011796616
        },
        "presign_duration": {
            "min": 3.117639,
            "med": 4.53205,
            "max": 260.840818,
            "p(90)": 9.241543,
            "p(95)": 14.779356,
            "avg": 7.110005445462119
        },
        "http_req_receiving": {
            "avg": 0.38161841055426676,
            "min": 0.036462,
            "med": 0.1874715,
            "max": 66.05009,
            "p(90)": 0.4856635,
            "p(95)": 0.7267622499999999
        },
        "iteration_duration": {
            "min": 1073.771278,
            "med": 1099.483364,
            "max": 7259.041658,
            "p(90)": 1148.968994,
            "p(95)": 1205.5451,
            "avg": 1196.382635249791
        },
        "http_req_duration": {
            "med": 11.8639705,
            "max": 2174.633078,
            "p(90)": 45.762363,
            "p(95)": 57.73499225,
            "avg": 34.21569705177568,
            "min": 3.117639
        },
        "http_req_waiting": {
            "avg": 33.7473309472287,
            "min": 2.951707,
            "med": 11.340771,
            "max": 2170.679647,
            "p(90)": 45.128077000000005,
            "p(95)": 57.26500825
        },
        "checks": {
            "passes": 3603,
            "fails": 0,
            "value": 1
        },
        "data_sent": {
            "count": 156134775,
            "rate": 1289271.5307482197
        },
        "http_reqs": {
            "count": 6026,
            "rate": 49.75925602921432
        },
        "image_completion_duration": {
            "max": 7123,
            "p(90)": 1085,
            "p(95)": 1123,
            "avg": 1141.9075770191507,
            "min": 1036,
            "med": 1050
        },
        "image_upload_duration": {
            "max": 123.728598,
            "p(90)": 56.829261,
            "p(95)": 61.376911,
            "avg": 41.51558952289759,
            "min": 24.266293,
            "med": 36.750939
        },
        "data_received": {
            "count": 11829077,
            "rate": 97677.74162500672
        },
        "vus": {
            "value": 2,
            "min": 2,
            "max": 50
        },
        "image_completion_success": {
            "passes": 1201,
            "fails": 0,
            "value": 1
        },
        "http_req_tls_handshaking": {
            "avg": 0.7291166254563555,
            "min": 0,
            "med": 0,
            "max": 27.588354,
            "p(90)": 3.7700804999999997,
            "p(95)": 3.9505665
        },
        "http_req_sending": {
            "avg": 0.08674769399269842,
            "min": 0.009521,
            "med": 0.0308015,
            "max": 4.330929,
            "p(90)": 0.26088100000000003,
            "p(95)": 0.29865175
        },
        "http_req_duration{expected_response:true}": {
            "avg": 34.21569705177568,
            "min": 3.117639,
            "med": 11.8639705,
            "max": 2174.633078,
            "p(90)": 45.762363,
            "p(95)": 57.73499225
        },
        "vus_max": {
            "value": 80,
            "min": 80,
            "max": 80
        },
        "create_post_duration": {
            "max": 1515.261214,
            "p(90)": 51.579534,
            "p(95)": 69.768317,
            "avg": 48.27691381015821,
            "min": 21.781064,
            "med": 31.229504
        },
        "create_post_success": {
            "passes": 1201,
            "fails": 0,
            "value": 1
        },
        "http_req_connecting": {
            "avg": 0.2729741722535675,
            "min": 0,
            "med": 0,
            "max": 44.575907,
            "p(90)": 1.388199,
            "p(95)": 1.70724825
        },
        "http_req_failed": {
            "passes": 0,
            "fails": 6026,
            "value": 0
        },
        "http_req_blocked": {
            "med": 0.006843500000000001,
            "max": 47.463994,
            "p(90)": 5.2799615,
            "p(95)": 5.774221,
            "avg": 1.0332023941254616,
            "min": 0.002343
        }
    },
    "root_group": {
        "name": "",
        "path": "",
        "id": "d41d8cd98f00b204e9800998ecf8427e",
        "groups": {},
        "checks": {
                "presign status 200": {
                    "name": "presign status 200",
                    "path": "::presign status 200",
                    "id": "9923e38b12e510f59f89c291ba178283",
                    "passes": 1201,
                    "fails": 0
                },
                "upload status 200 or 204": {
                    "id": "3ee532388740beaa2464e0e2331a1ed9",
                    "passes": 1201,
                    "fails": 0,
                    "name": "upload status 200 or 204",
                    "path": "::upload status 200 or 204"
                },
                "create post status 200": {
                    "name": "create post status 200",
                    "path": "::create post status 200",
                    "id": "0bbe11d085fb78e4aed9072347469520",
                    "passes": 1201,
                    "fails": 0
                }
            }
    }
}