{
    "root_group": {
        "name": "",
        "path": "",
        "id": "d41d8cd98f00b204e9800998ecf8427e",
        "groups": {},
        "checks": {
                "presign status 200": {
                    "id": "9923e38b12e510f59f89c291ba178283",
                    "passes": 1530,
                    "fails": 0,
                    "name": "presign status 200",
                    "path": "::presign status 200"
                },
                "upload status 200 or 204": {
                    "id": "3ee532388740beaa2464e0e2331a1ed9",
                    "passes": 1530,
                    "fails": 0,
                    "name": "upload status 200 or 204",
                    "path": "::upload status 200 or 204"
                },
                "create post status 200": {
                    "path": "::create post status 200",
                    "id": "0bbe11d085fb78e4aed9072347469520",
                    "passes": 1525,
                    "fails": 5,
                    "name": "create post status 200"
                }
            }
    },
    "metrics": {
        "http_req_sending": {
            "avg": 0.12617297110408987,
            "min": 0.0062,
            "med": 0.020641,
            "max": 416.982677,
            "p(90)": 0.03967880000000002,
            "p(95)": 0.13155479999999975
        },
        "http_reqs": {
            "count": 43674,
            "rate": 240.7657836962513
        },
        "vus": {
            "value": 243,
            "min": 4,
            "max": 480
        },
        "presign_duration": {
            "p(95)": 126.82218349999978,
            "avg": 31.678671822875838,
            "min": 3.616003,
            "med": 12.237113,
            "max": 260.223485,
            "p(90)": 90.45554780000009
        },
        "image_upload_duration": {
            "p(95)": 56.009229649999995,
            "avg": 37.226822369934645,
            "min": 24.984535,
            "med": 34.4104035,
            "max": 100.712758,
            "p(90)": 51.3455249
        },
        "http_req_blocked": {
            "max": 436.098821,
            "p(90)": 0.009186800000000018,
            "p(95)": 0.29676314999995707,
            "avg": 0.23155787347162937,
            "min": 0.00215,
            "med": 0.005761
        },
        "http_req_connecting": {
            "min": 0,
            "med": 0,
            "max": 79.406686,
            "p(90)": 0,
            "p(95)": 0,
            "avg": 0.07088460386042053
        },
        "data_sent": {
            "count": 211113580,
            "rate": 1163825.7667633202
        },
        "create_post_duration": {
            "p(90)": 176.6064695,
            "p(95)": 231.85067115,
            "avg": 80.89318764771251,
            "min": 22.552256,
            "med": 50.828041999999996,
            "max": 954.567951
        },
        "http_req_duration{expected_response:true}": {
            "min": 3.616003,
            "med": 300.413118,
            "max": 2360.035341,
            "p(90)": 753.6577642000003,
            "p(95)": 842.7326596,
            "avg": 341.88352837099745
        },
        "http_req_receiving": {
            "med": 0.2509095,
            "max": 389.754527,
            "p(90)": 4.013356100000002,
            "p(95)": 10.219022149999978,
            "avg": 2.072182408160471,
            "min": 0.017762
        },
        "http_req_failed": {
            "passes": 5,
            "fails": 43669,
            "value": 0.00011448459037413564
        },
        "checks": {
            "passes": 4585,
            "fails": 5,
            "value": 0.9989106753812637
        },
        "http_req_tls_handshaking": {
            "med": 0,
            "max": 38.974619,
            "p(90)": 0,
            "p(95)": 0,
            "avg": 0.12757800879241638,
            "min": 0
        },
        "dropped_iterations": {
            "count": 1469,
            "rate": 8.09829500961197
        },
        "iteration_duration": {
            "avg": 30906.788772460393,
            "min": 364.041497,
            "med": 22681.570743,
            "max": 80338.777567,
            "p(90)": 76925.5516015,
            "p(95)": 78249.61317695
        },
        "image_completion_success": {
            "passes": 1253,
            "fails": 4,
            "value": 0.9968178202068417
        },
        "http_req_waiting": {
            "min": 3.315313,
            "med": 298.37030400000003,
            "max": 2359.725853,
            "p(90)": 751.6222143000002,
            "p(95)": 840.5559043999998,
            "avg": 339.7232244532236
        },
        "create_post_success": {
            "passes": 1525,
            "fails": 5,
            "value": 0.9967320261437909
        },
        "iterations": {
            "count": 1262,
            "rate": 6.957146563737444
        },
        "data_received": {
            "count": 44105473,
            "rate": 243144.4056449799
        },
        "vus_max": {
            "min": 160,
            "max": 480,
            "value": 480
        },
        "image_completion_duration": {
            "max": 80280,
            "p(90)": 76864,
            "p(95)": 78163.8,
            "avg": 31007.904229848366,
            "min": 1045,
            "med": 22970
        },
        "http_req_duration": {
            "avg": 341.9215798324882,
            "min": 3.616003,
            "med": 300.43345450000004,
            "max": 2360.035341,
            "p(90)": 753.7284863000001,
            "p(95)": 842.80078815
        }
    }
}