{
    "root_group": {
        "name": "",
        "path": "",
        "id": "d41d8cd98f00b204e9800998ecf8427e",
        "groups": {},
        "checks": {
                "presign status 200": {
                    "name": "presign status 200",
                    "path": "::presign status 200",
                    "id": "9923e38b12e510f59f89c291ba178283",
                    "passes": 809,
                    "fails": 0
                },
                "upload status 200 or 204": {
                    "path": "::upload status 200 or 204",
                    "id": "3ee532388740beaa2464e0e2331a1ed9",
                    "passes": 809,
                    "fails": 0,
                    "name": "upload status 200 or 204"
                },
                "create post status 200": {
                    "id": "0bbe11d085fb78e4aed9072347469520",
                    "passes": 809,
                    "fails": 0,
                    "name": "create post status 200",
                    "path": "::create post status 200"
                }
            }
    },
    "metrics": {
        "http_req_sending": {
            "avg": 0.05047973468043386,
            "min": 0.005596,
            "med": 0.01873,
            "max": 36.268103,
            "p(90)": 0.03433520000000001,
            "p(95)": 0.080284
        },
        "create_post_duration": {
            "med": 27.601372,
            "max": 2349.703337,
            "p(90)": 48.96472320000004,
            "p(95)": 87.95960059999973,
            "avg": 76.71719332632877,
            "min": 17.940467
        },
        "http_req_connecting": {
            "avg": 0.02911080048745939,
            "min": 0,
            "med": 0,
            "max": 56.03311,
            "p(90)": 0,
            "p(95)": 0
        },
        "create_post_success": {
            "passes": 809,
            "fails": 0,
            "value": 1
        },
        "http_req_tls_handshaking": {
            "min": 0,
            "med": 0,
            "max": 32.175188,
            "p(90)": 0,
            "p(95)": 0,
            "avg": 0.04865834861584568
        },
        "http_req_duration": {
            "med": 6.403826,
            "max": 3137.5506,
            "p(90)": 10.031865600000001,
            "p(95)": 17.280619799999982,
            "avg": 9.368062904484429,
            "min": 2.381039
        },
        "http_req_failed": {
            "fails": 60723,
            "passes": 0,
            "value": 0
        },
        "vus": {
            "value": 221,
            "min": 18,
            "max": 480
        },
        "image_completion_duration": {
            "p(90)": 67559.3,
            "p(95)": 76560.7,
            "avg": 42155.34759358289,
            "min": 2107,
            "med": 43398,
            "max": 118818
        },
        "http_req_waiting": {
            "p(95)": 16.5304976999999,
            "avg": 9.113444701925077,
            "min": 2.203482,
            "med": 6.219941,
            "max": 3136.956903,
            "p(90)": 9.745756800000004
        },
        "http_req_receiving": {
            "avg": 0.20413846787872883,
            "min": 0.018048,
            "med": 0.102557,
            "max": 105.04962,
            "p(90)": 0.2807906,
            "p(95)": 0.3494546999999999
        },
        "checks": {
            "fails": 0,
            "passes": 2427,
            "value": 1
        },
        "http_req_duration{expected_response:true}": {
            "avg": 9.368062904484429,
            "min": 2.381039,
            "med": 6.403826,
            "max": 3137.5506,
            "p(90)": 10.031865600000001,
            "p(95)": 17.280619799999982
        },
        "image_completion_success": {
            "passes": 374,
            "fails": 194,
            "value": 0.6584507042253521
        },
        "iteration_duration": {
            "max": 121197.627923,
            "p(90)": 121013.9712198,
            "p(95)": 121045.32105505001,
            "avg": 69042.68135393312,
            "min": 2162.137874,
            "med": 58465.7529935
        },
        "http_reqs": {
            "count": 60723,
            "rate": 401.5829716790044
        },
        "image_upload_duration": {
            "max": 121.809016,
            "p(90)": 56.684685200000004,
            "p(95)": 61.77158399999997,
            "avg": 42.18098086402973,
            "min": 26.038985,
            "med": 37.796026
        },
        "http_req_blocked": {
            "max": 59.061023,
            "p(90)": 0.008347,
            "p(95)": 0.013980199999999953,
            "avg": 0.08824989348352397,
            "min": 0.001943,
            "med": 0.005541
        },
        "vus_max": {
            "max": 480,
            "value": 480,
            "min": 160
        },
        "data_sent": {
            "count": 127136349,
            "rate": 840798.2616115643
        },
        "data_received": {
            "count": 55010144,
            "rate": 363801.8065643982
        },
        "iterations": {
            "count": 568,
            "rate": 3.756387660584531
        },
        "dropped_iterations": {
            "rate": 10.528466823328475,
            "count": 1592
        },
        "presign_duration": {
            "min": 2.381039,
            "med": 4.446796,
            "max": 965.099596,
            "p(90)": 7.297044400000006,
            "p(95)": 10.988817199999993,
            "avg": 9.492189776266986
        }
    }
}