{
    "root_group": {
        "name": "",
        "path": "",
        "id": "d41d8cd98f00b204e9800998ecf8427e",
        "groups": {},
        "checks": {
                "presign status 200": {
                    "path": "::presign status 200",
                    "id": "9923e38b12e510f59f89c291ba178283",
                    "passes": 895,
                    "fails": 0,
                    "name": "presign status 200"
                },
                "upload status 200 or 204": {
                    "name": "upload status 200 or 204",
                    "path": "::upload status 200 or 204",
                    "id": "3ee532388740beaa2464e0e2331a1ed9",
                    "passes": 895,
                    "fails": 0
                },
                "create post status 200": {
                    "id": "0bbe11d085fb78e4aed9072347469520",
                    "passes": 869,
                    "fails": 26,
                    "name": "create post status 200",
                    "path": "::create post status 200"
                }
            }
    },
    "metrics": {
        "http_req_blocked": {
            "min": 0.002296,
            "med": 0.006384,
            "max": 68.38695,
            "p(90)": 0.009359,
            "p(95)": 0.04285749999999998,
            "avg": 0.18876986297442397
        },
        "iterations": {
            "count": 535,
            "rate": 3.5328617299776126
        },
        "http_req_receiving": {
            "p(95)": 10.422013299999993,
            "avg": 2.3037680161589944,
            "min": 0.022197,
            "med": 0.433758,
            "max": 202.56168,
            "p(90)": 4.277095600000021
        },
        "image_completion_duration": {
            "max": 109093,
            "p(90)": 101729.5,
            "p(95)": 107657,
            "avg": 64643.612648221344,
            "min": 7040,
            "med": 69583.5
        },
        "data_received": {
            "count": 29955848,
            "rate": 197812.83923032973
        },
        "dropped_iterations": {
            "count": 1506,
            "rate": 9.944840682890252
        },
        "http_req_sending": {
            "max": 8.690809,
            "p(90)": 0.035111800000000006,
            "p(95)": 0.07228489999999996,
            "avg": 0.04430009353314829,
            "min": 0.007257,
            "med": 0.02288
        },
        "create_post_duration": {
            "avg": 450.91143734525156,
            "min": 41.402674,
            "med": 338.143094,
            "max": 2583.863378,
            "p(90)": 851.0045258000001,
            "p(95)": 1052.9477509
        },
        "http_req_failed": {
            "passes": 26,
            "fails": 30669,
            "value": 0.0008470434924254765
        },
        "image_upload_duration": {
            "avg": 40.766545434636825,
            "min": 25.485418,
            "med": 35.867752,
            "max": 120.985812,
            "p(90)": 56.7910634,
            "p(95)": 59.94965069999999
        },
        "http_req_connecting": {
            "avg": 0.07061863792148558,
            "min": 0,
            "med": 0,
            "max": 68.293396,
            "p(90)": 0,
            "p(95)": 0
        },
        "create_post_success": {
            "passes": 869,
            "fails": 26,
            "value": 0.9709497206703911
        },
        "data_sent": {
            "count": 125273610,
            "rate": 827241.7617666182
        },
        "http_reqs": {
            "count": 30695,
            "rate": 202.69381458254733
        },
        "http_req_duration": {
            "med": 1104.963548,
            "max": 6028.263093,
            "p(90)": 1806.6834388000002,
            "p(95)": 2024.3254049999998,
            "avg": 1057.0717711618759,
            "min": 7.307745
        },
        "http_req_tls_handshaking": {
            "avg": 0.10620690356735617,
            "min": 0,
            "med": 0,
            "max": 7.552188,
            "p(90)": 0,
            "p(95)": 0
        },
        "image_completion_success": {
            "passes": 506,
            "fails": 3,
            "value": 0.9941060903732809
        },
        "http_req_waiting": {
            "avg": 1054.723703052192,
            "min": 6.67196,
            "med": 1103.152926,
            "max": 6027.546683,
            "p(90)": 1804.8121336000002,
            "p(95)": 2021.1774486
        },
        "checks": {
            "passes": 2659,
            "fails": 26,
            "value": 0.990316573556797
        },
        "vus_max": {
            "max": 480,
            "value": 480,
            "min": 160
        },
        "http_req_duration{expected_response:true}": {
            "med": 1104.742668,
            "max": 6028.263093,
            "p(90)": 1805.2183666,
            "p(95)": 2022.0529803999993,
            "avg": 1056.415032516247,
            "min": 7.307745
        },
        "iteration_duration": {
            "p(95)": 108042.38171999999,
            "avg": 61439.52124069345,
            "min": 1254.819831,
            "med": 69135.312498,
            "max": 109545.230343,
            "p(90)": 101734.7835102
        },
        "vus": {
            "value": 311,
            "min": 18,
            "max": 480
        },
        "presign_duration": {
            "p(95)": 762.6448462999999,
            "avg": 252.39796317653625,
            "min": 7.307745,
            "med": 158.949992,
            "max": 992.035161,
            "p(90)": 615.2721648
        }
    }
}