{
    "root_group": {
        "checks": {
            "presign status 200": {
                "name": "presign status 200",
                "path": "::presign status 200",
                "id": "9923e38b12e510f59f89c291ba178283",
                "passes": 1201,
                "fails": 0
            },
            "upload status 200 or 204": {
                "passes": 1201,
                "fails": 0,
                "name": "upload status 200 or 204",
                "path": "::upload status 200 or 204",
                "id": "3ee532388740beaa2464e0e2331a1ed9"
            },
            "create post status 200": {
                "fails": 12,
                "name": "create post status 200",
                "path": "::create post status 200",
                "id": "0bbe11d085fb78e4aed9072347469520",
                "passes": 1189
            }
        },
        "name": "",
        "path": "",
        "id": "d41d8cd98f00b204e9800998ecf8427e",
        "groups": {}
    },
    "metrics": {
        "iterations": {
            "rate": 9.835508796493357,
            "count": 1201
        },
        "http_req_tls_handshaking": {
            "max": 23.497794,
            "p(90)": 2.650594800000001,
            "p(95)": 3.0246302499999973,
            "avg": 0.49693114487734413,
            "min": 0,
            "med": 0
        },
        "http_req_duration": {
            "med": 10.151475,
            "max": 1921.346245,
            "p(90)": 39.89264230000002,
            "p(95)": 56.777223699999986,
            "avg": 25.122007959307325,
            "min": 2.861262
        },
        "http_req_sending": {
            "min": 0.008197,
            "med": 0.0299975,
            "max": 14.426169,
            "p(90)": 0.5537544000000003,
            "p(95)": 2.214112249999999,
            "avg": 0.23830819509379472
        },
        "create_post_duration": {
            "min": 17.166754,
            "med": 25.013735,
            "max": 1473.615568,
            "p(90)": 44.610475,
            "p(95)": 62.323509,
            "avg": 41.09959536386351
        },
        "data_received": {
            "count": 12417980,
            "rate": 101696.21275993221
        },
        "http_reqs": {
            "count": 6930,
            "rate": 56.75276932531138
        },
        "create_post_success": {
            "passes": 1189,
            "fails": 12,
            "value": 0.9900083263946711
        },
        "checks": {
            "passes": 3591,
            "fails": 12,
            "value": 0.9966694421315571
        },
        "http_req_blocked": {
            "avg": 0.7054665499278495,
            "min": 0.002637,
            "med": 0.0070455,
            "max": 45.440694,
            "p(90)": 3.5172915000000002,
            "p(95)": 4.077728349999999
        },
        "presign_duration": {
            "avg": 7.12874982514571,
            "min": 2.861262,
            "med": 4.390192,
            "max": 281.776398,
            "p(90)": 10.3639,
            "p(95)": 16.17263
        },
        "vus_max": {
            "value": 80,
            "min": 80,
            "max": 80
        },
        "data_sent": {
            "count": 156420949,
            "rate": 1280998.8508287584
        },
        "http_req_duration{expected_response:true}": {
            "max": 1921.346245,
            "p(90)": 39.682844200000005,
            "p(95)": 56.31454565,
            "avg": 23.289965844608236,
            "min": 2.861262,
            "med": 10.0987305
        },
        "http_req_connecting": {
            "avg": 0.18264503362193352,
            "min": 0,
            "med": 0,
            "max": 42.289973,
            "p(90)": 0.8824267000000003,
            "p(95)": 1.2663866999999995
        },
        "http_req_receiving": {
            "avg": 0.4557737212121227,
            "min": 0.036737,
            "med": 0.194513,
            "max": 50.995665,
            "p(90)": 0.4832525000000002,
            "p(95)": 0.8283114999999981
        },
        "image_upload_duration": {
            "avg": 39.1976576486261,
            "min": 24.624487,
            "med": 34.915724,
            "max": 134.045995,
            "p(90)": 56.139157,
            "p(95)": 60.348126
        },
        "image_completion_success": {
            "passes": 1188,
            "fails": 1,
            "value": 0.9991589571068125
        },
        "http_req_waiting": {
            "avg": 24.42792604300166,
            "min": 2.711146,
            "med": 9.710050500000001,
            "max": 1912.13267,
            "p(90)": 38.8544293,
            "p(95)": 55.518298149999985
        },
        "iteration_duration": {
            "med": 2089.501867,
            "max": 11523.367981,
            "p(90)": 2155.657257,
            "p(95)": 3257.353228,
            "avg": 1931.8279980049933,
            "min": 484.599164
        },
        "image_completion_duration": {
            "avg": 1887.6372053872053,
            "min": 1030,
            "med": 2046,
            "max": 11438,
            "p(90)": 2096.6,
            "p(95)": 3158.8499999999985
        },
        "http_req_failed": {
            "passes": 12,
            "fails": 6918,
            "value": 0.0017316017316017316
        },
        "vus": {
            "value": 2,
            "min": 2,
            "max": 57
        }
    }
}