{
    "root_group": {
        "name": "",
        "path": "",
        "id": "d41d8cd98f00b204e9800998ecf8427e",
        "groups": {},
        "checks": {
                "presign status 200": {
                    "path": "::presign status 200",
                    "id": "9923e38b12e510f59f89c291ba178283",
                    "passes": 490,
                    "fails": 0,
                    "name": "presign status 200"
                },
                "upload status 200 or 204": {
                    "name": "upload status 200 or 204",
                    "path": "::upload status 200 or 204",
                    "id": "3ee532388740beaa2464e0e2331a1ed9",
                    "passes": 490,
                    "fails": 0
                },
                "create post status 200": {
                    "path": "::create post status 200",
                    "id": "0bbe11d085fb78e4aed9072347469520",
                    "passes": 488,
                    "fails": 2,
                    "name": "create post status 200"
                }
            }
    },
    "metrics": {
        "http_req_tls_handshaking": {
            "min": 0,
            "med": 0,
            "max": 25.43733,
            "p(90)": 0,
            "p(95)": 0,
            "avg": 0.05371803306494196
        },
        "checks": {
            "passes": 1468,
            "fails": 2,
            "value": 0.998639455782313
        },
        "iteration_duration": {
            "p(95)": 121071.7310671,
            "avg": 45374.416558374665,
            "min": 645.902596,
            "med": 16219.99137,
            "max": 121751.747039,
            "p(90)": 121025.431577
        },
        "data_received": {
            "count": 27743722,
            "rate": 184167.2827313578
        },
        "image_upload_duration": {
            "avg": 44.04021050612244,
            "min": 25.522137,
            "med": 39.020864,
            "max": 116.542654,
            "p(90)": 58.4704389,
            "p(95)": 61.87686424999998
        },
        "iterations": {
            "count": 355,
            "rate": 2.3565470188041826
        },
        "http_req_receiving": {
            "avg": 0.20426928817977805,
            "min": 0.020434,
            "med": 0.1163285,
            "max": 46.0951,
            "p(90)": 0.3168072,
            "p(95)": 0.42117119999999997
        },
        "vus_max": {
            "value": 240,
            "min": 80,
            "max": 240
        },
        "presign_duration": {
            "avg": 9.577204679591835,
            "min": 3.151287,
            "med": 5.571493,
            "max": 543.318331,
            "p(90)": 12.077015900000001,
            "p(95)": 19.675002599999996
        },
        "data_sent": {
            "count": 74446707,
            "rate": 494189.1984243337
        },
        "http_reqs": {
            "count": 30304,
            "rate": 201.16281931786466
        },
        "http_req_duration{expected_response:true}": {
            "p(90)": 12.3370954,
            "p(95)": 21.587218299999943,
            "avg": 9.49108860887079,
            "min": 2.892854,
            "med": 6.729768,
            "max": 1515.094765
        },
        "http_req_blocked": {
            "avg": 0.09319084180306285,
            "min": 0.002129,
            "med": 0.00646,
            "max": 44.518598,
            "p(90)": 0.009029,
            "p(95)": 0.014292699999999997
        },
        "http_req_sending": {
            "avg": 0.05197776333157344,
            "min": 0.006116,
            "med": 0.022019,
            "max": 45.098746,
            "p(90)": 0.035230500000000005,
            "p(95)": 0.06800999999999997
        },
        "dropped_iterations": {
            "count": 710,
            "rate": 4.713094037608365
        },
        "http_req_duration": {
            "max": 1515.094765,
            "p(90)": 12.341425900000003,
            "p(95)": 21.613583499999976,
            "avg": 9.531175696310793,
            "min": 2.892854,
            "med": 6.7300825
        },
        "create_post_duration": {
            "min": 19.239685,
            "med": 30.207659999999997,
            "max": 913.796259,
            "p(90)": 55.374803100000015,
            "p(95)": 67.47575084999995,
            "avg": 47.14356575102042
        },
        "http_req_connecting": {
            "avg": 0.028435020492344233,
            "min": 0,
            "med": 0,
            "max": 40.622618,
            "p(90)": 0,
            "p(95)": 0
        },
        "http_req_waiting": {
            "min": 2.71874,
            "med": 6.544891,
            "max": 1503.572822,
            "p(90)": 11.9576136,
            "p(95)": 20.61774514999994,
            "avg": 9.274928644799411
        },
        "create_post_success": {
            "fails": 2,
            "passes": 488,
            "value": 0.9959183673469387
        },
        "image_completion_success": {
            "passes": 247,
            "fails": 106,
            "value": 0.6997167138810199
        },
        "image_completion_duration": {
            "p(90)": 24681.600000000006,
            "p(95)": 36349.6,
            "avg": 13837.125506072874,
            "min": 1030,
            "med": 12115,
            "max": 62617
        },
        "http_req_failed": {
            "fails": 30302,
            "passes": 2,
            "value": 0.00006599788806758183
        },
        "vus": {
            "value": 135,
            "min": 10,
            "max": 240
        }
    }
}