{
    "root_group": {
        "name": "",
        "path": "",
        "id": "d41d8cd98f00b204e9800998ecf8427e",
        "groups": {},
        "checks": {
                "presign status 200": {
                    "name": "presign status 200",
                    "path": "::presign status 200",
                    "id": "9923e38b12e510f59f89c291ba178283",
                    "passes": 1,
                    "fails": 0
                },
                "upload status 200 or 204": {
                    "path": "::upload status 200 or 204",
                    "id": "3ee532388740beaa2464e0e2331a1ed9",
                    "passes": 1,
                    "fails": 0,
                    "name": "upload status 200 or 204"
                },
                "create post status 200": {
                    "name": "create post status 200",
                    "path": "::create post status 200",
                    "id": "0bbe11d085fb78e4aed9072347469520",
                    "passes": 1,
                    "fails": 0
                }
            }
    },
    "metrics": {
        "presign_duration": {
            "min": 204.089497,
            "med": 204.089497,
            "max": 204.089497,
            "p(90)": 204.089497,
            "p(95)": 204.089497,
            "avg": 204.089497
        },
        "http_reqs": {
            "rate": 1.570837390441966,
            "count": 6
        },
        "http_req_connecting": {
            "avg": 0.3776426666666666,
            "min": 0,
            "med": 0,
            "max": 1.518853,
            "p(90)": 1.132928,
            "p(95)": 1.3258904999999999
        },
        "http_req_tls_handshaking": {
            "max": 3.900143,
            "p(90)": 1.9500715,
            "p(95)": 2.92510725,
            "avg": 0.6500238333333334,
            "min": 0,
            "med": 0
        },
        "http_req_duration": {
            "p(95)": 765.49912275,
            "avg": 299.58359649999994,
            "min": 17.866646,
            "med": 131.4428895,
            "max": 784.347719,
            "p(90)": 746.6505265000001
        },
        "http_req_waiting": {
            "p(95)": 764.010004,
            "avg": 297.76186133333334,
            "min": 16.809042,
            "med": 129.30411550000002,
            "max": 783.150492,
            "p(90)": 744.869516
        },
        "create_post_success": {
            "passes": 1,
            "fails": 0,
            "value": 1
        },
        "http_req_duration{expected_response:true}": {
            "avg": 299.58359649999994,
            "min": 17.866646,
            "med": 131.4428895,
            "max": 784.347719,
            "p(90)": 746.6505265000001,
            "p(95)": 765.49912275
        },
        "iterations": {
            "count": 1,
            "rate": 0.26180623174032763
        },
        "http_req_receiving": {
            "avg": 1.314652,
            "min": 0.088944,
            "med": 1.2203050000000002,
            "max": 2.32474,
            "p(90)": 2.1642634999999997,
            "p(95)": 2.24450175
        },
        "vus": {
            "value": 1,
            "min": 1,
            "max": 1
        },
        "vus_max": {
            "value": 1,
            "min": 1,
            "max": 1
        },
        "http_req_failed": {
            "passes": 0,
            "fails": 6,
            "value": 0
        },
        "image_completion_duration": {
            "p(90)": 3537,
            "p(95)": 3537,
            "avg": 3537,
            "min": 3537,
            "med": 3537,
            "max": 3537
        },
        "create_post_duration": {
            "p(95)": 708.953334,
            "avg": 708.953334,
            "min": 708.953334,
            "med": 708.953334,
            "max": 708.953334,
            "p(90)": 708.953334
        },
        "image_completion_success": {
            "passes": 1,
            "fails": 0,
            "value": 1
        },
        "iteration_duration": {
            "max": 3819.438413,
            "p(90)": 3819.438413,
            "p(95)": 3819.438413,
            "avg": 3819.438413,
            "min": 3819.438413,
            "med": 3819.438413
        },
        "data_sent": {
            "count": 130543,
            "rate": 34176.97091007759
        },
        "http_req_blocked": {
            "min": 0.004885,
            "med": 0.007,
            "max": 8.706312,
            "p(90)": 6.5250065,
            "p(95)": 7.61565925,
            "avg": 2.179136333333333
        },
        "http_req_sending": {
            "min": 0.024079,
            "med": 0.0347525,
            "max": 2.805721,
            "p(90)": 1.460571,
            "p(95)": 2.133146,
            "avg": 0.5070831666666666
        },
        "checks": {
            "passes": 3,
            "fails": 0,
            "value": 1
        },
        "image_upload_duration": {
            "max": 58.796282,
            "p(90)": 58.796282,
            "p(95)": 58.796282,
            "avg": 58.796282,
            "min": 58.796282,
            "med": 58.796282
        },
        "data_received": {
            "count": 10690,
            "rate": 2798.7086173041025
        }
    }
}